q01	d016:0.104759,d259:0.070304,d254:0.057840,d186:0.057121,d085:0.049063,d209:0.046785,d170:0.038297,d153:0.036442,d008:0.033259,d215:0.029210,d185:0.028784,d315:0.028334,d163:0.027951,d154:0.027440,d296:0.023747,d060:0.022622,d089:0.021949,d243:0.019840,d004:0.019693,d006:0.017612,d162:0.017530,d100:0.016835,d094:0.015866,d145:0.015277,d179:0.015224,d059:0.014862,d299:0.014196,d329:0.014137,d039:0.013801,d273:0.012959,d312:0.012670,d028:0.012360,d082:0.012235,d311:0.011958,d281:0.010969,d065:0.010907,d255:0.010662,d265:0.010534,d317:0.010442,d074:0.010178,d130:0.010162,d275:0.010149,d229:0.010086,d021:0.008961,d077:0.008791,d152:0.008668,d195:0.008309,d052:0.007953,d316:0.007715,d038:0.007557,d164:0.007536,d024:0.007376,d123:0.007235,d136:0.006951,d184:0.005856
q02	d147:0.102073,d283:0.063785,d149:0.047646,d134:0.041615,d002:0.039984,d023:0.031547,d293:0.029291,d014:0.026600,d052:0.024667,d282:0.024465,d316:0.023931,d139:0.023204,d187:0.022264,d143:0.020401,d039:0.019163,d150:0.018264,d318:0.017712,d291:0.017705,d103:0.017105,d296:0.015696,d051:0.015210,d222:0.014966,d107:0.014386,d128:0.014210,d268:0.013760,d166:0.012921,d145:0.011923,d254:0.011801,d090:0.011774,d137:0.011388,d124:0.010771,d252:0.010307,d117:0.010262,d250:0.010029,d131:0.009933,d119:0.009876,d106:0.009869,d320:0.009645,d142:0.009451,d058:0.008874,d287:0.008869,d211:0.008801,d108:0.008778,d306:0.008620,d164:0.008210,d248:0.008173,d160:0.007967,d172:0.007809,d234:0.007582,d185:0.007488,d007:0.007201,d046:0.007091,d031:0.007047,d020:0.007035,d121:0.006754,d197:0.006714,d173:0.006594,d227:0.006571,d018:0.006494,d290:0.006337,d130:0.006281,d047:0.006278,d237:0.006142,d017:0.005851,d246:0.005830,d245:0.005609,d300:0.005589,d221:0.005562,d044:0.005473,d305:0.005355,d116:0.004976,d228:0.004876,d158:0.004802,d064:0.004776,d179:0.004755,d083:0.004750,d215:0.004744,d238:0.004656,d180:0.004651,d264:0.004625,d229:0.004620,d202:0.004616,d243:0.004545,d068:0.004528,d151:0.004517,d029:0.004426,d022:0.004386,d263:0.004314,d251:0.004178,d307:0.004134,d021:0.004105,d144:0.004055,d210:0.003965,d319:0.003942,d042:0.003919,d153:0.003908,d054:0.003894,d260:0.003888,d098:0.003865,d239:0.003855,d019:0.003790,d204:0.003783,d082:0.003674,d154:0.003627,d062:0.003447,d140:0.003376,d255:0.003365,d212:0.003253,d224:0.003209,d129:0.003195,d206:0.003182,d122:0.003156,d225:0.003121,d327:0.003102,d323:0.003028,d269:0.003020,d120:0.002947,d308:0.002934,d218:0.002909,d200:0.002884,d077:0.002855,d055:0.002735,d005:0.002698,d242:0.002680,d010:0.002630,d186:0.002597,d257:0.002586,d236:0.002502,d141:0.002483,d262:0.002462,d118:0.002387,d219:0.002377,d102:0.002374,d133:0.002350,d043:0.002318,d324:0.002305,d040:0.002273,d232:0.002203,d050:0.002184,d198:0.002154,d230:0.002152,d313:0.002055,d273:0.002045,d163:0.001942,d190:0.001899,d067:0.001886,d101:0.001878,d001:0.001864,d045:0.001836,d266:0.001814,d284:0.001811,d279:0.001776,d309:0.001771,d297:0.001770,d061:0.001754,d281:0.001731,d196:0.001723,d233:0.001693,d037:0.001687,d317:0.001648,d298:0.001637,d271:0.001625,d191:0.001605,d226:0.001605,d004:0.001599,d278:0.001598,d277:0.001558,d161:0.001546,d322:0.001544,d285:0.001542,d063:0.001537,d188:0.001532,d302:0.001507,d216:0.001476,d162:0.001423,d330:0.001416,d152:0.001408,d286:0.001406,d085:0.001397,d205:0.001360,d194:0.001299,d314:0.001286,d214:0.001255,d079:0.001196,d080:0.001190,d249:0.001188,d304:0.001168,d024:0.001164,d328:0.001160,d244:0.001152,d136:0.001129,d203:0.001065,d294:0.001029,d003:0.000973,d184:0.000951
q03	d291:0.051105,d283:0.036270,d152:0.034989
q04	d019:0.163736,d270:0.140581,d049:0.126830,d275:0.083209,d310:0.078457,d010:0.071810,d289:0.048848,d286:0.036722,d330:0.025613,d130:0.024090,d100:0.022811,d060:0.020871,d013:0.016803,d184:0.016100,d199:0.016092,d091:0.015570,d205:0.015288,d252:0.015014,d314:0.013886,d213:0.013526,d093:0.013473,d110:0.013372,d196:0.012075,d046:0.012059,d300:0.011795,d296:0.011795,d111:0.011695,d312:0.010207,d081:0.010182,d121:0.010048,d306:0.009916,d298:0.009797,d142:0.009756,d208:0.009603,d113:0.009183,d018:0.008987,d075:0.008979,d251:0.008489,d082:0.008453,d308:0.008327,d221:0.008103,d303:0.007863,d133:0.007389,d271:0.007345,d145:0.007230,d268:0.007174,d030:0.007068,d117:0.006960,d246:0.006706,d301:0.006682,d216:0.006460,d262:0.006419,d041:0.006376,d124:0.006330,d307:0.006234,d114:0.006093,d108:0.006055,d290:0.006051,d292:0.006038,d009:0.006033,d001:0.005989,d198:0.005971,d230:0.005964,d180:0.005883,d061:0.005883,d276:0.005844,d048:0.005559,d163:0.005382,d005:0.005380,d022:0.005374,d071:0.005356,d193:0.005339,d122:0.005327,d160:0.005325,d264:0.005320,d227:0.005116,d043:0.005073,d327:0.004981,d089:0.004898,d050:0.004781,d212:0.004738,d119:0.004715,d020:0.004703,d087:0.004675,d238:0.004674,d129:0.004655,d248:0.004584,d088:0.004542,d250:0.004420,d215:0.004383,d263:0.004195,d194:0.004172,d219:0.004156,d102:0.004152,d197:0.004071,d062:0.003965,d042:0.003934,d164:0.003931,d255:0.003923,d024:0.003905,d279:0.003888,d131:0.003809,d040:0.003651,d106:0.003591,d029:0.003554,d226:0.003512,d253:0.003509,d269:0.003474,d125:0.003366,d200:0.003361,d006:0.003334,d261:0.003229,d210:0.003184,d319:0.003166,d181:0.003128,d162:0.003116,d192:0.003093,d220:0.002938,d104:0.002914,d266:0.002914,d112:0.002883,d234:0.002859,d294:0.002851,d059:0.002813,d191:0.002807,d023:0.002795,d202:0.002781,d120:0.002708,d265:0.002670,d058:0.002650,d126:0.002628,d259:0.002615,d280:0.002598,d047:0.002521,d012:0.002521,d123:0.002499,d136:0.002471,d063:0.002468,d242:0.002463,d291:0.002397,d073:0.002388,d054:0.002385,d092:0.002275,d021:0.002271,d189:0.002268,d175:0.002240,d055:0.002197,d257:0.002183,d284:0.002111,d186:0.002085,d249:0.002078,d052:0.002074,d241:0.002057,d214:0.002015,d037:0.001966,d206:0.001949,d157:0.001918,d032:0.001909,d304:0.001876,d143:0.001865,d244:0.001851,d225:0.001819,d039:0.001800,d095:0.001798,d302:0.001757,d147:0.001692,d044:0.001676,d235:0.001668,d144:0.001628,d027:0.001625,d007:0.001399,d151:0.001383,d008:0.001347,d217:0.001328,d174:0.001299,d232:0.001284,d070:0.001263,d237:0.001233,d295:0.001205,d098:0.001184,d156:0.001108,d209:0.001107,d031:0.001079,d287:0.001076,d146:0.001041,d065:0.001032,d274:0.001011,d099:0.000985,d207:0.000979,d051:0.000932,d278:0.000931,d229:0.000928,d076:0.000884,d247:0.000878,d166:0.000875,d014:0.000857,d283:0.000850,d169:0.000843,d256:0.000834,d015:0.000827,d085:0.000814,d115:0.000806,d195:0.000786,d183:0.000784,d168:0.000740,d118:0.000731,d316:0.000730,d179:0.000710,d324:0.000706,d079:0.000697,d038:0.000695,d080:0.000693,d258:0.000650,d203:0.000621,d260:0.000595,d003:0.000567,d293:0.000543,d177:0.000368
q06	d297:0.513118,d329:0.349940,d026:0.169386,d029:0.146065,d233:0.103652,d257:0.096172,d025:0.086027,d166:0.028605,d154:0.027256,d023:0.024885,d215:0.022608,d012:0.022070,d077:0.021855,d211:0.021674,d186:0.019875,d139:0.017736,d060:0.017259,d265:0.015846,d225:0.014876,d303:0.013975,d021:0.013479,d134:0.013427,d245:0.013366,d231:0.012854,d220:0.012013,d236:0.011922,d070:0.010329,d110:0.009705,d270:0.009645,d319:0.009394,d003:0.009276,d163:0.009254,d192:0.009177,d209:0.009053,d081:0.008754,d034:0.008711,d104:0.008648,d061:0.008358,d069:0.008319,d018:0.007931,d129:0.007612,d202:0.007580,d247:0.007178,d046:0.007032,d208:0.006970,d087:0.006936,d044:0.006854,d305:0.006707,d205:0.006481,d116:0.006232,d234:0.006224,d262:0.006167,d052:0.006155,d199:0.005904,d079:0.005702,d033:0.005445,d039:0.005341,d294:0.004902,d098:0.004841
q07	d146:0.157893,d289:0.134348,d004:0.088439,d266:0.062417,d034:0.049505,d098:0.041933,d123:0.039281,d284:0.037390,d042:0.037156,d234:0.035944,d113:0.030794,d044:0.029685,d153:0.028250,d140:0.024418,d078:0.023378,d287:0.023306,d062:0.022873,d247:0.022828,d165:0.020411,d149:0.019572,d211:0.019142,d033:0.017315,d011:0.016832,d262:0.016339,d151:0.016332,d139:0.014630,d057:0.014442,d240:0.013125,d175:0.012920,d293:0.012829,d255:0.012751,d083:0.012402,d074:0.012173,d117:0.012162,d271:0.011754,d071:0.011472,d137:0.011339,d253:0.011030,d087:0.011029,d323:0.010948,d305:0.010664,d115:0.010476,d150:0.010316,d252:0.010263,d200:0.009920,d282:0.009844,d157:0.009048,d084:0.008408,d179:0.008384,d143:0.008084,d158:0.007423
q08	d251:0.162369,d292:0.150940,d180:0.130784,d106:0.105571,d110:0.098502,d108:0.096263,d117:0.085279,d235:0.066793,d005:0.062342,d107:0.059641,d028:0.057676,d246:0.051257,d144:0.040747,d271:0.038033,d269:0.034949,d304:0.034078,d205:0.031869,d115:0.030717,d125:0.026829,d075:0.026692,d089:0.026575,d030:0.026441,d070:0.022004,d121:0.021004,d091:0.020828,d130:0.019591,d294:0.018167,d312:0.018096,d198:0.015250,d019:0.013957,d104:0.013363,d224:0.013308,d043:0.012591,d189:0.010601,d059:0.010355,d062:0.009841,d138:0.009589,d142:0.008579,d192:0.007984,d266:0.007393,d196:0.007021,d151:0.006789,d232:0.006775,d327:0.006654,d282:0.006241,d290:0.006087,d270:0.006080,d044:0.006067,d113:0.005957,d081:0.005386,d082:0.005384,d122:0.005340,d045:0.005252,d148:0.005075,d215:0.004978,d037:0.004945,d095:0.004857,d099:0.004713,d223:0.004620,d207:0.004562,d063:0.004506,d226:0.004474,d126:0.004445,d202:0.004434,d221:0.004377,d093:0.004375,d022:0.004291,d288:0.004251,d216:0.004221,d264:0.004175,d210:0.004103,d080:0.004087,d127:0.004025,d213:0.004015,d197:0.003996,d118:0.003587,d250:0.003579,d040:0.003578,d236:0.003578,d219:0.003570,d133:0.003532,d009:0.003515,d281:0.003472,d035:0.003356,d325:0.003335,d024:0.003330,d008:0.003304,d201:0.003289,d050:0.003281,d123:0.003266,d209:0.003126,d170:0.003041,d240:0.002975,d255:0.002890,d237:0.002874,d301:0.002825,d155:0.002683,d001:0.002666,d013:0.002650,d274:0.002606,d076:0.002605,d320:0.002538,d286:0.002516,d078:0.002515,d287:0.002507,d096:0.002495,d015:0.002437,d323:0.002390,d296:0.002359,d193:0.002358,d135:0.002346,d085:0.002299,d278:0.002286,d073:0.002233,d195:0.002221,d308:0.002205,d087:0.002186,d305:0.002114,d046:0.002110,d241:0.002016,d079:0.001969,d200:0.001958,d042:0.001834,d316:0.001792,d039:0.001764,d182:0.001697,d164:0.001662,d038:0.001620,d190:0.001495,d203:0.001447,d034:0.001446,d074:0.001040,d124:0.000950,d225:0.000898,d026:0.000869,d064:0.000859,d103:0.000812,d101:0.000810,d261:0.000723,d206:0.000722,d051:0.000690,d174:0.000641,d131:0.000626,d006:0.000617,d330:0.000611,d109:0.000605,d248:0.000603,d291:0.000592,d244:0.000580,d120:0.000557,d314:0.000555,d168:0.000548,d306:0.000543,d228:0.000526,d284:0.000521,d260:0.000514,d069:0.000502,d212:0.000492,d217:0.000492,d119:0.000489,d329:0.000481,d265:0.000478,d263:0.000477,d160:0.000477,d194:0.000467,d253:0.000461,d129:0.000460,d088:0.000448,d054:0.000442,d179:0.000438,d165:0.000427,d319:0.000425,d153:0.000422,d208:0.000421,d283:0.000420,d111:0.000419,d222:0.000419,d268:0.000416,d307:0.000410,d097:0.000408,d303:0.000394,d055:0.000393,d257:0.000391,d060:0.000391,d149:0.000389,d309:0.000382,d053:0.000378,d116:0.000376,d262:0.000372,d052:0.000372,d048:0.000365,d233:0.000365,d220:0.000363,d199:0.000356,d191:0.000346,d275:0.000346,d007:0.000345,d102:0.000342,d280:0.000341,d254:0.000335,d161:0.000334,d322:0.000333,d114:0.000316,d218:0.000314,d147:0.000313,d047:0.000311,d077:0.000308,d143:0.000307,d313:0.000296,d098:0.000292,d086:0.000291,d017:0.000290,d158:0.000282,d311:0.000279,d163:0.000279,d267:0.000275,d184:0.000274,d067:0.000271,d049:0.000268,d279:0.000256,d140:0.000255,d065:0.000255,d136:0.000244,d071:0.000240,d317:0.000237,d298:0.000236,d083:0.000235,d229:0.000229,d285:0.000222,d175:0.000221,d211:0.000218,d302:0.000217,d137:0.000215,d020:0.000211,d318:0.000209,d021:0.000203,d242:0.000203,d152:0.000202,d289:0.000201,d231:0.000194,d100:0.000194,d066:0.000190,d094:0.000183,d276:0.000180,d145:0.000178,d068:0.000171,d328:0.000167,d033:0.000164,d227:0.000163,d029:0.000159,d002:0.000159,d230:0.000155,d295:0.000149,d273:0.000147,d239:0.000146,d172:0.000144,d003:0.000140,d300:0.000138,d272:0.000137,d171:0.000135,d293:0.000134,d072:0.000133,d181:0.000129,d297:0.000127,d321:0.000127,d061:0.000126,d023:0.000125,d112:0.000119,d032:0.000118,d243:0.000113,d247:0.000108,d132:0.000108,d166:0.000108,d012:0.000104,d252:0.000097,d183:0.000097,d234:0.000094,d214:0.000090,d084:0.000088,d157:0.000086,d139:0.000083,d258:0.000080,d177:0.000045
q09	d199:0.232565,d198:0.169001,d217:0.085568,d223:0.071463,d177:0.059349,d220:0.047323,d085:0.042053,d299:0.037474,d330:0.033146,d052:0.030242,d069:0.029194,d205:0.025532,d175:0.023959,d065:0.023701,d273:0.020524,d086:0.020313,d211:0.020284,d172:0.020080,d068:0.019900,d169:0.019351,d016:0.018479,d323:0.015969,d089:0.015302,d073:0.014922,d041:0.014616,d162:0.014285,d021:0.014192,d116:0.013123,d284:0.012119,d233:0.011325,d087:0.009737,d256:0.009579,d286:0.009404,d221:0.009302,d231:0.009022,d186:0.008686,d179:0.008152,d038:0.007979,d219:0.007951,d008:0.007729,d029:0.007403,d312:0.006883,d294:0.006882,d192:0.006441,d272:0.006359,d072:0.006182,d170:0.006180,d081:0.006144,d240:0.005794,d071:0.005577,d122:0.005548,d259:0.005446,d202:0.005320,d254:0.005187,d308:0.005158,d166:0.005019,d111:0.004872,d268:0.004838,d097:0.004743,d010:0.004624,d055:0.004575,d100:0.004508,d234:0.004369,d194:0.004345,d214:0.004197,d193:0.004080,d328:0.003881,d244:0.003855,d098:0.003398,d158:0.003277
q10	d060:0.043283,d036:0.039561,d231:0.035732,d100:0.032211,d052:0.024186,d034:0.016353,d031:0.014396,d072:0.014368,d091:0.011836,d221:0.010468,d092:0.010118,d215:0.010050,d314:0.009994,d281:0.009987,d233:0.009766,d170:0.009575,d030:0.009304,d079:0.009302,d305:0.008944,d285:0.008896,d235:0.008254,d085:0.008059,d294:0.007997,d068:0.007562,d035:0.007457,d142:0.007403,d288:0.007335,d042:0.006997,d295:0.006572,d069:0.006570,d220:0.006532,d113:0.006456,d059:0.006255,d064:0.006189,d124:0.005996,d217:0.005906,d040:0.005891,d258:0.005778,d076:0.005709,d114:0.005697,d279:0.005645,d122:0.005271,d313:0.004820,d117:0.004581,d282:0.004547,d109:0.004525,d330:0.004498,d099:0.004381,d201:0.004222,d194:0.004127,d202:0.004121,d327:0.004019,d254:0.004018,d308:0.003996,d118:0.003986,d246:0.003970,d165:0.003844,d020:0.003794,d198:0.003790,d041:0.003774,d012:0.003736,d323:0.003732,d044:0.003727,d256:0.003711,d024:0.003699,d244:0.003662,d010:0.003582,d263:0.003513,d026:0.003478,d283:0.003423,d077:0.003349,d048:0.003186,d179:0.003158,d125:0.003147,d151:0.002784,d167:0.002706,d058:0.002667,d260:0.002648,d137:0.002632,d329:0.002617,d268:0.002544,d021:0.002488,d152:0.002476,d054:0.002400,d172:0.002347,d192:0.002258,d154:0.002236,d057:0.002235,d001:0.002187,d325:0.002101,d065:0.002077,d159:0.002027,d071:0.001955,d018:0.001952,d130:0.001936,d223:0.001894,d322:0.001811,d095:0.001809,d132:0.001763,d216:0.001731,d015:0.001663,d177:0.001638,d289:0.001636,d205:0.001595,d066:0.001551,d009:0.001517,d271:0.001503,d214:0.001471,d316:0.001469,d141:0.001456,d264:0.001425,d219:0.001394,d280:0.001392,d328:0.001361,d022:0.001352,d310:0.001336,d299:0.001314,d174:0.001307,d029:0.001298,d232:0.001292,d230:0.001262,d203:0.001249,d237:0.001241,d248:0.001228,d301:0.001220,d312:0.001207,d291:0.001206,d273:0.001199,d110:0.001194,d086:0.001187,d319:0.001156,d209:0.001114,d190:0.001114,d204:0.001109,d171:0.001103,d101:0.001101,d081:0.001077,d045:0.001077,d303:0.001071,d146:0.001047,d061:0.001028,d023:0.001021,d131:0.001020,d240:0.001016,d331:0.001009,d212:0.001002,d320:0.000991,d255:0.000987,d135:0.000962,d056:0.000961,d126:0.000960,d259:0.000955,d074:0.000942,d129:0.000937,d229:0.000933,d185:0.000914,d063:0.000901,d211:0.000889,d148:0.000885,d247:0.000883,d073:0.000872,d046:0.000865,d014:0.000862,d218:0.000853,d307:0.000835,d097:0.000831,d138:0.000828,d025:0.000824,d144:0.000819,d027:0.000818,d115:0.000811,d016:0.000810,d055:0.000802,d257:0.000797,d107:0.000795,d173:0.000789,d250:0.000773,d234:0.000766,d262:0.000759,d241:0.000751,d168:0.000744,d093:0.000731,d199:0.000726,d133:0.000724,d193:0.000715,d080:0.000698,d249:0.000697,d136:0.000662,d039:0.000657,d251:0.000644,d175:0.000600,d017:0.000591,d003:0.000571,d293:0.000547
q12	d258:0.338652,d277:0.272756,d239:0.096906,d250:0.091926,d176:0.058950,d056:0.052266,d301:0.045612,d132:0.043145,d081:0.035149,d078:0.032472,d096:0.029915,d138:0.029265,d229:0.025376,d156:0.024259,d034:0.023317,d012:0.022416,d015:0.022054,d011:0.021243,d191:0.020482,d270:0.019356,d331:0.016460,d280:0.015142,d225:0.014926,d095:0.014755,d302:0.014417,d182:0.013946,d295:0.013191,d184:0.012133,d190:0.012116,d236:0.011963,d060:0.011550,d102:0.011355,d151:0.011351,d297:0.011292,d035:0.011221,d076:0.009674,d169:0.009225,d235:0.009126,d124:0.009023,d021:0.009020,d067:0.009020,d150:0.008683,d122:0.007931,d317:0.007880,d051:0.007645,d129:0.007638,d243:0.007487,d180:0.007413,d143:0.006804,d197:0.006681,d010:0.006610,d183:0.006436,d052:0.006176,d316:0.005992,d141:0.005936,d109:0.005748,d003:0.004654,d303:0.004366
q13	d219:0.074803,d272:0.070596,d049:0.051628,d276:0.038326,d258:0.034087,d056:0.034082,d239:0.030977,d241:0.029946,d043:0.027580,d286:0.025425,d277:0.025221,d309:0.023504,d042:0.022552,d221:0.022179,d205:0.022007,d317:0.021867,d194:0.021019,d099:0.020918,d040:0.020799,d070:0.019374,d288:0.017513,d047:0.016796,d026:0.016607,d285:0.016217,d060:0.016186,d311:0.016031,d087:0.016018,d126:0.015749,d289:0.015351,d303:0.013957,d183:0.013874,d019:0.013819,d165:0.013259,d245:0.012732,d015:0.012679,d310:0.012537,d297:0.012536,d262:0.012452,d157:0.012307,d281:0.012259,d292:0.011632,d130:0.011341,d222:0.010143,d161:0.009889,d269:0.009820,d138:0.009703,d248:0.009508,d249:0.009228,d237:0.009162,d162:0.009106,d305:0.008707,d142:0.008516,d129:0.008344,d100:0.008338,d059:0.008293,d002:0.008054,d136:0.007994,d050:0.007963,d290:0.007959,d235:0.007873,d189:0.007770,d119:0.007723,d174:0.007656,d061:0.007594,d190:0.007575,d018:0.007555,d200:0.007532,d313:0.007492,d139:0.007412,d088:0.007129,d150:0.007111,d312:0.007070,d075:0.007048,d013:0.006703,d028:0.006702,d124:0.006483,d171:0.006462,d007:0.006439,d046:0.006389,d022:0.006343,d037:0.006149,d274:0.005960,d159:0.005940,d191:0.005853,d263:0.005775,d243:0.005708,d122:0.005699,d135:0.005636,d141:0.005635,d113:0.005591,d270:0.005569,d051:0.005493,d323:0.005467,d164:0.005299,d156:0.005232,d148:0.005184,d072:0.005085,d170:0.005083,d240:0.004766,d212:0.004704,d257:0.004669,d259:0.004480,d074:0.004420,d253:0.004411,d094:0.004363,d079:0.004362,d228:0.004360,d103:0.004324,d318:0.004322,d064:0.004271,d304:0.004259,d215:0.004242,d246:0.004215,d244:0.004201,d180:0.004158,d280:0.004078,d058:0.004066,d147:0.003995,d012:0.003967,d029:0.003958,d256:0.003940,d033:0.003925,d123:0.003923,d016:0.003800,d096:0.003688,d107:0.003637,d250:0.003626,d173:0.003608,d172:0.003578,d319:0.003525,d153:0.003494,d118:0.003451,d204:0.003382,d193:0.003356,d128:0.003297,d117:0.003161,d255:0.003009,d271:0.002935,d224:0.002870,d098:0.002795,d225:0.002791,d327:0.002773,d211:0.002711,d158:0.002627,d218:0.002601,d077:0.002553,d055:0.002446,d234:0.002335,d186:0.002322,d052:0.002310,d316:0.002241,d236:0.002237,d145:0.002218,d179:0.002179,d102:0.002123,d227:0.002024,d232:0.001969,d198:0.001926,d230:0.001924,d143:0.001908,d291:0.001838,d106:0.001836,d273:0.001829,d017:0.001802,d163:0.001736,d300:0.001721,d067:0.001687,d101:0.001679,d001:0.001667,d287:0.001650,d045:0.001642,d266:0.001622,d284:0.001620,d279:0.001588,d023:0.001556,d196:0.001541,d233:0.001513,d160:0.001482,d298:0.001464,d083:0.001463,d226:0.001435,d238:0.001434,d004:0.001430,d278:0.001429,d229:0.001423,d202:0.001422,d185:0.001393,d322:0.001381,d063:0.001374,d188:0.001369,d302:0.001348,d166:0.001342,d216:0.001319,d014:0.001314,d020:0.001309,d307:0.001273,d330:0.001266,d021:0.001264,d134:0.001260,d152:0.001259,d121:0.001257,d197:0.001249,d144:0.001249,d085:0.001249,d210:0.001221,d149:0.001210,d314:0.001149,d214:0.001122,d080:0.001064,d024:0.001041,d328:0.001037,d203:0.000952,d294:0.000920,d003:0.000870,d184:0.000850,d293:0.000834
q14	d145:0.164329,d041:0.079090,d121:0.076079,d002:0.075229,d091:0.069859,d081:0.068895,d122:0.066263,d030:0.062111,d180:0.060577,d117:0.060195,d093:0.057543,d142:0.057095,d247:0.055792,d133:0.050762,d082:0.044538,d125:0.042016,d209:0.041741,d022:0.041593,d144:0.041315,d280:0.041066,d136:0.039055,d075:0.037010,d242:0.036702,d085:0.036579,d052:0.032792,d277:0.032778,d005:0.032703,d062:0.032685,d299:0.032596,d130:0.029779,d094:0.029291,d330:0.028831,d069:0.025393,d314:0.023196,d089:0.020969,d104:0.020927,d175:0.020840,d065:0.020616,d031:0.020345,d181:0.017969,d273:0.017852,d086:0.017669,d211:0.017644,d229:0.017489,d172:0.017466,d068:0.017309,d169:0.016832,d016:0.016073,d025:0.015436,d192:0.015274,d308:0.014524,d174:0.014508,d288:0.014215,d323:0.013890,d115:0.013886,d073:0.012979,d162:0.012425,d021:0.012344,d254:0.012299,d116:0.011415,d097:0.011247,d284:0.010541,d238:0.010442,d110:0.010228,d233:0.009851,d223:0.009400,d023:0.008742,d087:0.008469,d256:0.008332,d286:0.008180,d221:0.008091,d231:0.007848,d186:0.007555,d147:0.007293,d179:0.007091,d143:0.006945,d038:0.006940,d219:0.006916,d008:0.006723,d029:0.006439,d198:0.006269,d293:0.006070,d312:0.005987,d294:0.005986,d272:0.005531,d072:0.005377,d170:0.005375,d240:0.005039,d071:0.004851,d259:0.004737,d202:0.004627,d166:0.004366,d111:0.004238,d268:0.004208,d010:0.004022,d055:0.003980,d100:0.003921,d234:0.003800,d194:0.003779,d214:0.003650,d193:0.003549,d328:0.003376,d244:0.003353,d098:0.002956,d158:0.002850
q16	d184:0.134059,d132:0.098047,d250:0.096937,d277:0.071816,d176:0.066260,d095:0.058216,d239:0.055689,d081:0.050485,d229:0.044615,d156:0.034844,d078:0.033924,d279:0.033517,d034:0.033490,d056:0.030036,d191:0.029419,d150:0.025314,d096:0.024558,d236:0.023599,d024:0.021963,d280:0.021749,d329:0.021048,d086:0.019095,d301:0.019058,d295:0.018946,d158:0.018480,d190:0.017402,d060:0.016589,d297:0.016219,d071:0.015729,d083:0.015438,d254:0.014627,d306:0.014246,d165:0.013992,d076:0.013895,d147:0.013697,d077:0.013468,d097:0.013376,d152:0.013279,d169:0.013250,d235:0.013108,d021:0.012956,d138:0.012937,d231:0.012722,d049:0.011712,d133:0.011649,d182:0.011448,d143:0.009773,d293:0.008795
q17	d172:0.107542,d271:0.094159,d091:0.089940,d146:0.079850,d121:0.061623,d288:0.045635,d024:0.038778,d171:0.031527,d183:0.030083,d274:0.018647,d289:0.015586,d066:0.014777,d316:0.013736,d299:0.012519,d106:0.011475,d239:0.011321,d163:0.010850,d190:0.010208,d030:0.010031,d297:0.009514,d130:0.009222,d212:0.009188,d122:0.008914,d188:0.008231,d148:0.008108,d132:0.008080,d137:0.008042,d250:0.007363,d252:0.007279,d262:0.007230,d258:0.005991
q18	d192:0.363563,d194:0.321035,d201:0.214747,d230:0.192740,d210:0.115248,d207:0.113119,d111:0.101465,d216:0.075773,d223:0.073669,d222:0.072089,d199:0.064242,d219:0.058337,d055:0.054449,d198:0.050089,d208:0.048391,d203:0.041808,d220:0.040569,d061:0.036891,d163:0.034547,d197:0.034220,d191:0.033772,d209:0.033343,d227:0.030207,d301:0.029319,d053:0.029231,d322:0.027765,d200:0.027075,d221:0.024737,d215:0.024038,d142:0.023696,d213:0.022592,d296:0.022013,d193:0.019602,d202:0.019198,d276:0.019054,d211:0.017622,d304:0.016466,d279:0.015803,d251:0.014854,d266:0.014560,d195:0.014482,d204:0.014376,d124:0.013500,d206:0.013422,d224:0.012914,d218:0.011054,d303:0.010612,d058:0.010114,d174:0.009911,d214:0.009536,d248:0.009315,d260:0.009089,d182:0.008940,d172:0.008900,d078:0.008235,d315:0.007998,d028:0.007849,d072:0.007436,d110:0.007285,d240:0.006969,d212:0.006879,d246:0.006814,d302:0.006705,d137:0.006655,d268:0.006433,d129:0.006427,d235:0.006363,d330:0.006296,d027:0.006202,d071:0.005964,d282:0.005757,d052:0.005744,d253:0.005735,d242:0.005668,d205:0.005472,d089:0.005455,d020:0.005237,d241:0.004582,d098:0.004518,d249:0.004251,d280:0.004246,d123:0.004085,d271:0.003799,d048:0.003028,d177:0.002544
q19	d179:0.192162,d323:0.063264,d004:0.047259,d102:0.044292,d273:0.040319,d021:0.031345,d001:0.026254,d310:0.025663,d069:0.024579,d330:0.023920,d320:0.023793,d136:0.022254,d028:0.021975,d015:0.019974,d194:0.019192,d056:0.018466,d088:0.017532,d078:0.015643,d153:0.014436,d222:0.014345,d204:0.013974,d035:0.013218,d321:0.012998,d138:0.011931,d051:0.011812,d055:0.011556,d277:0.011515,d200:0.010652,d266:0.010220,d095:0.008690,d258:0.008236,d189:0.007953,d289:0.007856,d241:0.007214,d293:0.006888,d299:0.006310,d230:0.006060,d291:0.005791,d106:0.005784,d091:0.005778,d098:0.005721,d300:0.005422,d272:0.005353,d309:0.004989,d274:0.004886,d212:0.004815,d191:0.004522,d129:0.004499,d254:0.004367,d180:0.004366,d111:0.004102,d147:0.004089,d197:0.003935,d257:0.003827,d231:0.003798,d092:0.003665,d193:0.003435,d109:0.003385,d294:0.002897,d175:0.002882,d190:0.002675
q22	d258:0.105925,d239:0.065911,d011:0.061054,d277:0.059233,d266:0.057206,d056:0.055198,d049:0.052693,d297:0.047744,d327:0.042434,d286:0.032051,d010:0.030637,d184:0.030359,d331:0.028977,d159:0.026071,d149:0.024338,d138:0.023060,d145:0.022628,d330:0.019366,d319:0.017720,d072:0.016856,d270:0.015881,d240:0.015796,d135:0.014746,d004:0.014376,d020:0.013161,d121:0.012819,d229:0.012490,d225:0.012247,d100:0.012114,d095:0.012106,d302:0.011828,d132:0.011796,d164:0.011003,d007:0.010946,d064:0.010891,d157:0.010734,d096:0.010517,d250:0.010340,d299:0.010217,d236:0.009815,d102:0.009316,d151:0.009313,d086:0.009231,d035:0.009207,d153:0.008910,d190:0.008662,d146:0.008146,d140:0.008092,d069:0.007960,d233:0.007719,d124:0.007403,d067:0.007401,d078:0.007264,d176:0.006990,d127:0.006758,d147:0.006621,d122:0.006507,d317:0.006466,d152:0.006419,d305:0.006417,d051:0.006273,d129:0.006267,d055:0.006237,d243:0.006142,d180:0.006082,d116:0.005963,d092:0.005935,d197:0.005481,d280:0.005413,d328:0.005291,d183:0.005281,d052:0.005067,d316:0.004916,d182:0.004902,d141:0.004870,d109:0.004716,d098:0.004632,d003:0.003818,d303:0.003582
q23	d219:0.686802,d276:0.088764,d323:0.024094,d026:0.020319,d007:0.004005,d245:0.003119,d221:0.003093,d228:0.002712,d103:0.002689,d318:0.002689,d064:0.002656,d215:0.002638,d180:0.002586,d058:0.002529,d029:0.002462,d248:0.002329,d107:0.002262,d173:0.002244,d172:0.002226,d319:0.002192,d153:0.002173,d222:0.002160,d019:0.002108,d204:0.002104,d128:0.002050,d117:0.001966,d119:0.001892,d255:0.001872,d018:0.001851,d224:0.001785,d129:0.001777,d225:0.001736,d327:0.001725,d211:0.001686,d158:0.001634,d218:0.001618,d200:0.001604,d077:0.001588,d055:0.001521,d150:0.001514,d234:0.001453,d186:0.001444,d052:0.001437,d316:0.001394,d236:0.001391,d141:0.001381,d145:0.001380,d179:0.001355,d102:0.001321,d043:0.001289,d040:0.001264,d227:0.001259,d263:0.001229,d002:0.001229,d232:0.001225,d050:0.001215,d290:0.001214,d047:0.001203,d198:0.001198,d230:0.001197,d143:0.001187,d237:0.001177,d291:0.001143,d313:0.001143,d106:0.001142,d273:0.001137,d017:0.001121,d142:0.001094,d163:0.001080,d300:0.001071,d190:0.001056,d067:0.001049,d101:0.001044,d001:0.001037,d287:0.001026,d045:0.001021,d266:0.001009,d284:0.001007,d279:0.000988,d309:0.000985,d297:0.000985,d061:0.000975,d023:0.000968,d281:0.000963,d196:0.000958,d233:0.000941,d037:0.000938,d160:0.000922,d317:0.000916,d298:0.000911,d083:0.000910,d191:0.000893,d226:0.000892,d238:0.000892,d004:0.000889,d278:0.000889,d229:0.000885,d202:0.000884,d243:0.000871,d277:0.000867,d185:0.000867,d161:0.000860,d322:0.000859,d285:0.000858,d063:0.000855,d188:0.000852,d302:0.000838,d166:0.000834,d216:0.000821,d046:0.000821,d014:0.000817,d020:0.000814,d307:0.000792,d162:0.000792,d330:0.000787,d021:0.000786,d134:0.000783,d152:0.000783,d286:0.000782,d121:0.000782,d197:0.000777,d144:0.000777,d085:0.000777,d210:0.000760,d205:0.000756,d149:0.000753,d042:0.000751,d194:0.000722,d314:0.000715,d214:0.000698,d164:0.000681,d079:0.000665,d080:0.000662,d249:0.000661,d304:0.000650,d024:0.000647,d328:0.000645,d139:0.000644,d244:0.000641,d136:0.000628,d203:0.000592,d294:0.000572,d003:0.000541,d184:0.000529,d293:0.000518
q24	d199:0.113854,d220:0.077225,d223:0.074236,d061:0.066108,d198:0.066006,d222:0.059484,d216:0.056514,d219:0.054615,d099:0.047788,d243:0.044261,d192:0.044246,d213:0.043006,d201:0.042958,d210:0.041844,d088:0.039107,d042:0.038167,d282:0.037925,d202:0.036544,d034:0.034447,d060:0.034126,d080:0.033632,d112:0.031082,d074:0.030276,d194:0.029844,d240:0.029587,d098:0.028716,d129:0.027286,d289:0.026287,d096:0.025260,d224:0.024583,d215:0.024223,d211:0.023222,d208:0.022403,d151:0.022369,d200:0.022086,d123:0.021520,d040:0.021423,d237:0.019939,d276:0.019200,d193:0.018683,d031:0.017450,d181:0.016857,d274:0.016347,d203:0.016317,d281:0.016314,d255:0.015857,d265:0.015666,d135:0.015457,d083:0.015422,d253:0.015108,d142:0.015064,d229:0.015000,d028:0.014941,d209:0.014549,d204:0.014486,d072:0.014155,d303:0.013985,d212:0.013094,d207:0.012864,d218:0.011139,d242:0.010789,d197:0.010701,d205:0.010416,d214:0.009609,d177:0.004842
q25	d166:0.296937,d020:0.184365,d328:0.166987,d156:0.136836,d128:0.132658,d023:0.125250,d265:0.119631,d167:0.062269,d245:0.050453,d032:0.029470,d247:0.027096
q26	d152:0.528596,d291:0.091530,d143:0.080094,d095:0.078829,d171:0.076880,d131:0.066850,d228:0.066069,d066:0.052147,d147:0.048270,d241:0.045809,d293:0.044526,d206:0.042836,d052:0.039751,d300:0.032875,d318:0.030326,d231:0.027563,d316:0.026655,d002:0.026495,d136:0.026159,d092:0.023316,d105:0.023247,d094:0.021683,d322:0.019821,d208:0.019815,d007:0.018542,d235:0.018362,d183:0.018236,d190:0.017720,d323:0.016261,d292:0.014522,d138:0.014430,d224:0.013701,d306:0.012893,d149:0.012695,d012:0.012308,d109:0.012284,d219:0.012145,d161:0.011940,d173:0.011483,d283:0.011272,d197:0.010792,d312:0.010513,d098:0.009526,d164:0.009454,d029:0.009447,d287:0.009431,d290:0.009319,d279:0.009077,d212:0.008735,d113:0.008673,d017:0.007785,d062:0.007733,d284:0.007733,d140:0.007575,d117:0.007546,d331:0.007347,d036:0.007241,d027:0.007125,d265:0.007097,d129:0.006818,d215:0.006750,d116:0.006682,d277:0.006653,d141:0.006343,d199:0.006329,d133:0.006309,d305:0.006007,d033:0.005837,d210:0.005830,d182:0.005334,d175:0.005228,d179:0.005201,d003:0.004973,d263:0.004719
q27	d103:0.051285,d051:0.040288,d316:0.039710,d054:0.039386,d058:0.027229,d107:0.026010,d056:0.025975,d187:0.025919,d116:0.025550,d211:0.022935,d166:0.022701,d067:0.022587,d227:0.022043,d152:0.021801,d159:0.021731,d074:0.021349,d066:0.020954,d291:0.020823,d094:0.020123,d293:0.018710,d158:0.018144,d017:0.017779,d109:0.015904,d064:0.015798,d300:0.015710,d085:0.015401,d251:0.014842,d042:0.013673,d143:0.013156,d296:0.013071,d209:0.012566,d101:0.012422,d083:0.012379,d079:0.012118,d215:0.011961,d222:0.011561,d136:0.011433,d132:0.011372,d119:0.011253,d030:0.010690,d102:0.010472,d023:0.010364,d033:0.010076,d130:0.009827,d014:0.009722,d290:0.009628,d238:0.009550,d080:0.009425,d141:0.009390,d199:0.009370,d108:0.009157,d139:0.008764,d005:0.008443,d210:0.008133,d150:0.008106,d325:0.007899,d274:0.007650,d281:0.007634,d269:0.006999,d167:0.006870,d271:0.006767,d276:0.005528,d299:0.004940,d174:0.004914,d029:0.004880,d198:0.004751,d237:0.004666,d088:0.004575,d156:0.004193,d170:0.004074,d279:0.003917,d018:0.003669,d259:0.003590,d129:0.003522,d161:0.003408,d322:0.003406,d306:0.003330,d020:0.003228,d283:0.003218,d012:0.003179,d077:0.003148,d015:0.003128,d197:0.003081,d016:0.003045,d055:0.003016,d231:0.002974,d173:0.002966,d026:0.002959,d194:0.002864,d179:0.002687,d318:0.002132,d184:0.002097
q28	d316:0.091004,d056:0.050273,d291:0.041137,d066:0.036435,d094:0.036333,d136:0.034793,d279:0.034468,d035:0.033389,d322:0.027060,d102:0.025546,d152:0.024028,d080:0.022822,d296:0.022728,d147:0.021938,d212:0.021402,d289:0.020984,d173:0.020953,d264:0.020717,d079:0.020424,d070:0.020258,d042:0.020027,d321:0.019239,d292:0.018238,d143:0.018209,d174:0.016637,d159:0.016465,d132:0.016440,d237:0.015797,d295:0.015439,d226:0.014999,d191:0.013969,d271:0.013574,d273:0.013468,d198:0.013425,d309:0.013224,d107:0.012672,d086:0.012613,d037:0.012292,d275:0.012241,d085:0.011906,d263:0.011759,d327:0.011578,d254:0.011301,d165:0.011074,d099:0.010533,d193:0.010395,d160:0.010331,d153:0.010220,d252:0.009871,d141:0.009488,d186:0.009463,d283:0.009175,d015:0.009090,d109:0.009043,d183:0.008864,d129:0.008638,d312:0.008586,d294:0.008585,d055:0.008523,d270:0.008445,d194:0.008323,d267:0.008307,d241:0.008208,d168:0.008133,d072:0.008040,d276:0.007810,d031:0.007727,d046:0.007718,d310:0.007501,d064:0.007441,d328:0.007436,d299:0.007378,d008:0.007199,d058:0.007085,d259:0.007083,d329:0.006952,d248:0.006896,d230:0.006826,d243:0.006811,d185:0.006779,d054:0.006739,d047:0.006738,d246:0.006664,d269:0.006623,d084:0.006609,d260:0.006606,d088:0.006582,d098:0.006567,d110:0.006460,d106:0.006398,d012:0.006272,d013:0.006078,d060:0.005962,d019:0.005905,d221:0.005881,d010:0.005846,d297:0.005829,d027:0.005819,d115:0.005769,d170:0.005756,d240:0.005703,d231:0.005628,d026:0.005600,d233:0.005574,d023:0.005522,d298:0.005391,d331:0.005362,d018:0.005279,d180:0.005105,d120:0.005101,d161:0.005090,d211:0.004992,d278:0.004980,d306:0.004973,d303:0.004775,d089:0.004751,d077:0.004701,d029:0.004680,d144:0.004600,d216:0.004598,d235:0.004538,d169:0.004506,d305:0.004384,d150:0.004318,d239:0.004285,d195:0.004204,d190:0.004131,d049:0.004088,d052:0.004024,d125:0.003999,d304:0.003847,d123:0.003558,d071:0.003526,d103:0.003409,d188:0.003239,d148:0.003191,d307:0.003012,d162:0.003010,d330:0.002994,d189:0.002986,d293:0.002905,d250:0.002787,d116:0.002766,d314:0.002719,d220:0.002665,d236:0.002645,d048:0.002637,d219:0.002513,d022:0.002438,d011:0.002349,d290:0.002309,d313:0.002173,d091:0.002169,d175:0.002164,d222:0.002053,d318:0.002045,d057:0.002015,d184:0.002011,d067:0.001995,d001:0.001971,d287:0.001952,d045:0.001942,d325:0.001894,d061:0.001854,d069:0.001846,d281:0.001831,d119:0.001799,d130:0.001745,d202:0.001682,d277:0.001648,d308:0.001630,d108:0.001626,d063:0.001625,d247:0.001593,d014:0.001554,d111:0.001540,d087:0.001539,d256:0.001514,d097:0.001499,d021:0.001495,d286:0.001486,d121:0.001486,d197:0.001477,d016:0.001460,d210:0.001444,d149:0.001431,d100:0.001425,d096:0.001417,d053:0.001390,d262:0.001368,d093:0.001319,d133:0.001306,d164:0.001294,d179:0.001288,d324:0.001281,d249:0.001256,d024:0.001231,d139:0.001225,d244:0.001219,d039:0.001185,d003:0.001029
q29	d314:0.108811,d113:0.068787,d001:0.063123,d120:0.052444,d133:0.041805,d261:0.034039,d062:0.030665,d046:0.029813,d191:0.027178,d286:0.023795,d173:0.022030,d070:0.021299,d212:0.016800,d226:0.015770,d198:0.014115,d291:0.013470,d107:0.013324,d086:0.013261,d279:0.011639,d159:0.011326,d099:0.011074,d037:0.011049,d160:0.010862,d254:0.010159,d055:0.008961,d252:0.008873,d186:0.008506,d276:0.008212,d264:0.007962,d064:0.007823,d102:0.007778,d008:0.007569,d058:0.007449,d136:0.007395,d329:0.007309,d174:0.007300,d047:0.007085,d237:0.006931,d295:0.006774,d312:0.006740,d294:0.006739,d106:0.006727,d270:0.006630,d153:0.006400,d013:0.006391,d019:0.006208,d292:0.006158,d031:0.006066,d170:0.006052,d309:0.005802,d331:0.005638,d056:0.005370,d278:0.005236,d269:0.005199,d327:0.005080,d089:0.004995,d165:0.004859,d216:0.004834,d283:0.004780,d147:0.004756,d169:0.004737,d015:0.004646,d305:0.004610,d085:0.004576,d027:0.004568,d115:0.004528,d195:0.004421,d231:0.004418,d026:0.004396,d194:0.004255,d052:0.004231,d241:0.004195,d168:0.004157,d193:0.003995,d328:0.003801,d123:0.003740,d263:0.003621,d293:0.003054,d303:0.002990,d048:0.002773
q32	d090:0.232407,d025:0.195472,d067:0.109946,d139:0.093669,d092:0.050466,d282:0.036989,d254:0.035106,d140:0.034476,d015:0.027559,d305:0.027342,d141:0.024118,d324:0.023532,d060:0.023405,d279:0.022963,d172:0.019439,d031:0.017989,d072:0.017953,d284:0.017597,d042:0.017451,d053:0.016990,d262:0.016726,d317:0.016009,d083:0.015898,d226:0.015589,d235:0.013899,d105:0.013888,d184:0.012293,d271:0.011041,d227:0.010996
q34	d224:0.051649,d312:0.042431,d221:0.041435,d075:0.040100,d113:0.037297,d198:0.037239,d040:0.033873,d110:0.032771,d043:0.032047,d034:0.031372,d037:0.030960,d232:0.027831,d216:0.027089,d288:0.025979,d091:0.025921,d270:0.025572,d062:0.025049,d059:0.025031,d047:0.024749,d108:0.024748,d246:0.024652,d138:0.024408,d010:0.023726,d106:0.023500,d261:0.023010,d219:0.021816,d207:0.021221,d122:0.020957,d060:0.020720,d142:0.020397,d192:0.019970,d237:0.019421,d241:0.019083,d148:0.019063,d266:0.018817,d117:0.018332,d235:0.018077,d196:0.017872,d225:0.017859,d260:0.017538,d130:0.017116,d170:0.016956,d325:0.016441,d151:0.016412,d327:0.016084,d180:0.016078,d027:0.015957,d281:0.015889,d066:0.015132,d290:0.015094,d070:0.014985,d044:0.014915,d282:0.014839,d024:0.014709,d278:0.014670,d308:0.014152,d087:0.013358,d082:0.013350,d015:0.013019,d227:0.012953,d085:0.012821,d081:0.012700,d045:0.012697,d248:0.011983,d099:0.011687,d086:0.011581,d126:0.011315,d193:0.011194,d223:0.011169,d226:0.011095,d202:0.010996,d215:0.010933,d292:0.010756,d095:0.010667,d063:0.010626,d089:0.010543,d039:0.010286,d127:0.010246,d181:0.010235,d279:0.010164,d061:0.010034,d271:0.009774,d119:0.009733,d213:0.009705,d197:0.009660,d071:0.009540,d210:0.009443,d112:0.009436,d032:0.009373,d253:0.009173,d250:0.009110,d243:0.008958,d009:0.008946,d190:0.008717,d211:0.008674,d118:0.008672,d236:0.008648,d093:0.008624,d166:0.008585,d133:0.008537,d264:0.008403,d020:0.008377,d283:0.008349,d080:0.008225,d256:0.008192,d006:0.008182,d307:0.008148,d162:0.008144,d035:0.008112,d005:0.008112,d189:0.008079,d242:0.008060,d121:0.008042,d144:0.007992,d008:0.007988,d022:0.007969,d123:0.007895,d055:0.007826,d201:0.007756,d252:0.007749,d026:0.007678,d050:0.007551,d092:0.007446,d194:0.007431,d052:0.007390,d301:0.007191,d214:0.007178,d294:0.007112,d125:0.006948,d109:0.006878,d155:0.006828,d249:0.006799,d013:0.006744,d209:0.006567,d136:0.006459,d001:0.006445,d078:0.006400,d287:0.006381,d274:0.005997,d240:0.005987,d320:0.005841,d255:0.005817,d098:0.005812,d296:0.005703,d135:0.005670,d323:0.005501,d076:0.005243,d073:0.005140,d046:0.005101,d200:0.004984,d305:0.004865,d286:0.004859,d048:0.004843,d205:0.004701,d042:0.004667,d195:0.004665,d096:0.004633,d316:0.004332,d182:0.004320,d164:0.004231,d079:0.004136,d038:0.004123,d251:0.003795,d203:0.003682
q36	d257:0.126624,d321:0.102929,d023:0.084861,d277:0.078285,d247:0.058747,d150:0.053095,d265:0.051087,d198:0.050498,d328:0.033942,d107:0.015222,d020:0.014276,d131:0.012848,d100:0.011939,d167:0.011250,d007:0.010634,d268:0.008543,d229:0.007052,d102:0.007013,d310:0.006728,d076:0.006719,d203:0.006292,d055:0.006059,d319:0.005822,d272:0.005614,d316:0.005551,d031:0.005469,d170:0.005456,d060:0.005348,d279:0.005247,d309:0.005232,d069:0.005155,d281:0.005113,d320:0.004990,d255:0.004970,d103:0.004761,d191:0.004742,d294:0.004557,d283:0.004310,d157:0.003526,d035:0.003465,d033:0.003374,d290:0.003224,d248:0.003093,d088:0.003064,d313:0.003035,d054:0.003022,d110:0.003007,d270:0.002989,d013:0.002881,d019:0.002799,d067:0.002785,d292:0.002776,d284:0.002675,d119:0.002512,d083:0.002417,d253:0.002367,d275:0.002365,d051:0.002361,d323:0.002350,d322:0.002281,d306:0.002230,d046:0.002179,d208:0.002160,d218:0.002148,d012:0.002129,d256:0.002114,d235:0.002113,d077:0.002108,d162:0.002102,d021:0.002088,d138:0.002085,d189:0.002085,d286:0.002076,d085:0.002063,d027:0.002059,d115:0.002041,d010:0.002041,d149:0.001999,d231:0.001992,d092:0.001922,d186:0.001917,d262:0.001911,d094:0.001875,d182:0.001845,d093:0.001842,d141:0.001833,d109:0.001775,d079:0.001767,d244:0.001702,d136:0.001667,d143:0.001575,d017:0.001488,d158:0.001446,d003:0.001437,d271:0.001261
q37	d169:0.154133,d116:0.047393,d062:0.032826,d327:0.024771,d141:0.019827,d294:0.016430
q38	d239:0.059893,d263:0.054644,d036:0.033541,d294:0.033029,d056:0.032303,d229:0.031421,d161:0.030566,d138:0.029512,d067:0.027942,d118:0.027871,d258:0.027461,d066:0.026148,d270:0.024895,d317:0.024412,d051:0.023683,d039:0.023532,d312:0.022862,d058:0.022482,d011:0.021886,d260:0.020205,d325:0.019902,d311:0.019200,d095:0.018978,d255:0.018696,d296:0.018330,d031:0.018308,d284:0.017910,d235:0.017647,d151:0.017505,d331:0.016958,d250:0.016209,d305:0.015636,d236:0.015386,d225:0.015378,d277:0.015356,d302:0.014853,d096:0.014846,d132:0.014813,d035:0.014433,d169:0.014298,d025:0.013890,d180:0.013330,d198:0.013185,d092:0.012867,d122:0.012231,d084:0.012083,d224:0.011785,d280:0.011735,d102:0.011698,d078:0.011387,d043:0.011346,d190:0.010552,d197:0.010303,d075:0.010042,d124:0.009296,d062:0.008868,d059:0.008862,d176:0.008777,d129:0.007869,d243:0.007713,d316:0.007707,d182:0.007685,d110:0.007477,d142:0.007221,d192:0.007070,d010:0.006810,d266:0.006662,d183:0.006631,d117:0.006491,d052:0.006363,d196:0.006327,d141:0.006116,d130:0.006060,d109:0.005922,d327:0.005694,d108:0.005647,d246:0.005625,d232:0.005392,d290:0.005344,d070:0.005305,d044:0.005281,d282:0.005254,d091:0.005022,d113:0.004973,d003:0.004795,d082:0.004727,d303:0.004498,d081:0.004496,d045:0.004495,d099:0.004138,d037:0.004128,d207:0.004111,d126:0.004006,d223:0.003954,d226:0.003928,d202:0.003893,d215:0.003871,d063:0.003762,d089:0.003733,d148:0.003693,d127:0.003627,d216:0.003612,d288:0.003464,d213:0.003436,d221:0.003404,d210:0.003343,d009:0.003167,d093:0.003053,d133:0.003023,d264:0.002975,d080:0.002912,d219:0.002909,d024:0.002850,d008:0.002828,d022:0.002821,d123:0.002795,d040:0.002782,d201:0.002746,d050:0.002673,d237:0.002590,d301:0.002546,d155:0.002417,d013:0.002388,d209:0.002325,d001:0.002282,d170:0.002261,d287:0.002259,d274:0.002123,d240:0.002120,d281:0.002119,d320:0.002068,d135:0.002008,d278:0.001956,d323:0.001948,d308:0.001887,d076:0.001856,d073:0.001820,d046:0.001806,d087:0.001781,d200:0.001765,d015:0.001736,d286:0.001720,d085:0.001710,d205:0.001664,d042:0.001652,d195:0.001652,d241:0.001568,d164:0.001498,d193:0.001493,d079:0.001464,d038:0.001460,d251:0.001344,d203:0.001304
q40	d307:0.104270,d283:0.084577,d042:0.083913,d250:0.081146,d252:0.050239,d228:0.049791,d047:0.045637,d262:0.043564,d242:0.036990,d112:0.034799,d122:0.034046,d098:0.031168,d131:0.030878,d173:0.030839,d046:0.030133,d288:0.029050,d058:0.028454,d223:0.026262,d189:0.026206,d064:0.024688,d248:0.024009,d022:0.023537,d082:0.022136,d291:0.020993,d241:0.020822,d142:0.020081,d012:0.019983,d124:0.019683,d306:0.019231,d263:0.019063,d138:0.017981,d238:0.017382,d296:0.017209,d091:0.016676,d174:0.016508,d325:0.016499,d144:0.016014,d222:0.015782,d106:0.015213,d111:0.015056,d113:0.015051,d279:0.014274,d063:0.014156,d119:0.013828,d164:0.013264,d118:0.013083,d275:0.012869,d025:0.011420,d257:0.011047,d035:0.010807,d093:0.010139,d318:0.009872,d125:0.009871,d249:0.009547,d271:0.009257,d062:0.009248,d140:0.009059,d130:0.008426,d021:0.008106,d254:0.007916,d136:0.007798,d092:0.007460,d194:0.007445,d051:0.007363,d105:0.007298,d225:0.007188,d121:0.007175,d197:0.007133,d161:0.007119,d017:0.006962,d147:0.006687,d234:0.006668,d220:0.005804,d179:0.005612,d109:0.005536,d080:0.005479,d040:0.005235,d039:0.005161,d293:0.004760,d075:0.004723,d158:0.004511,d153:0.004499,d192:0.004434,d300:0.004434,d272:0.004377,d266:0.004178,d117:0.004070,d321:0.004051,d281:0.003986,d207:0.003867,d160:0.003818,d317:0.003795,d135:0.003777,d056:0.003775,d083:0.003768,d126:0.003768,d269:0.003655,d215:0.003641,d177:0.003624,d188:0.003527,d089:0.003511,d006:0.003293,d077:0.003288,d152:0.003241,d305:0.003241,d149:0.003117,d100:0.003103,d094:0.002924,d079:0.002755,d123:0.002629,d203:0.002453
q41	d174:0.069291,d128:0.040272,d150:0.038132,d268:0.031595,d036:0.026150,d014:0.013594,d050:0.013469,d195:0.012483,d272:0.011722,d209:0.011714,d223:0.009961,d306:0.009313,d330:0.008729,d092:0.008025,d236:0.007713,d228:0.007518,d007:0.007401,d102:0.007321,d310:0.007024,d227:0.006980,d088:0.006398,d091:0.006325,d311:0.005988,d192:0.005937,d156:0.005863,d177:0.005848,d101:0.005790,d078:0.005708,d266:0.005594,d279:0.005477,d140:0.005471,d309:0.005461,d297:0.005458,d023:0.005367,d159:0.005330,d099:0.005212,d122:0.005114,d130:0.005089,d056:0.005054,d161:0.004766,d087:0.004487,d200:0.004445,d012:0.004445,d105:0.004408,d077:0.004402,d189:0.004354,d027:0.004300,d115:0.004262,d055:0.004217,d210:0.004211,d257:0.004190,d094:0.003915,d316:0.003863,d199:0.003819,d079:0.003689,d157:0.003681,d249:0.003664,d039:0.003455,d263:0.003408,d203:0.003284,d294:0.003172,d175:0.003155,d260:0.003150,d158:0.003020,d184:0.002932
q42	d298:0.477253,d218:0.034670,d125:0.033777,d174:0.028265,d314:0.027750,d216:0.027063,d224:0.025504,d048:0.024581,d241:0.021982,d203:0.021053,d208:0.020849,d069:0.018846,d168:0.017052,d156:0.017034,d062:0.013295,d202:0.012638,d084:0.012442,d252:0.012132,d146:0.011287,d222:0.011071,d264:0.010887,d114:0.009847,d268:0.009431,d061:0.009291,d196:0.009129,d155:0.008846,d300:0.008624,d043:0.008504,d215:0.008377,d078:0.008292,d227:0.008068,d148:0.007992,d273:0.007919,d248:0.007685,d119:0.007619,d256:0.007295,d167:0.007290,d260:0.007283,d191:0.007191,d195:0.007149,d010:0.007043,d327:0.006946,d116:0.006927,d161:0.006923,d001:0.006842,d276:0.006640,d236:0.006626,d099:0.006545,d207:0.006503,d007:0.006358,d286:0.006296,d265:0.006101,d122:0.006086,d280:0.006048,d259:0.005974,d299:0.005935,d198:0.005707,d008:0.005653,d022:0.005639,d073:0.005456,d024:0.005214,d163:0.005143,d312:0.005034,d258:0.004993,d128:0.004883,d154:0.004664,d049:0.004556,d072:0.004521,d081:0.004494,d320:0.004476,d159:0.004229,d277:0.004128,d251:0.004029,d211:0.004015,d247:0.003990,d111:0.003858,d006:0.003788,d285:0.003772,d055:0.003623,d283:0.003570,d087:0.003560,d245:0.003430,d221:0.003402,d257:0.003325,d100:0.003297,d249:0.003147,d123:0.003024,d201:0.002971,d328:0.002839,d040:0.002781,d011:0.002717,d070:0.002651,d088:0.002538,d091:0.002509,d270:0.002476,d261:0.002460,d172:0.002448,d303:0.002418,d028:0.002386,d065:0.002167,d309:0.002167,d023:0.002129,d131:0.002128,d037:0.002063,d255:0.002058,d071:0.002039,d018:0.002035,d135:0.002006,d056:0.002005,d032:0.002004,d103:0.001972,d051:0.001956,d108:0.001881,d089:0.001865,d137:0.001830,d014:0.001798,d020:0.001791,d041:0.001782,d085:0.001709,d177:0.001675,d210:0.001671,d053:0.001608,d214:0.001535,d118:0.001534,d316:0.001533,d182:0.001528,d068:0.001455,d143:0.001305,d175:0.001252,d098:0.001242,d158:0.001198,d184:0.001163
q44	d029:0.181640,d105:0.145840,d239:0.100319,d185:0.070374,d164:0.063100,d254:0.058818,d085:0.038865,d246:0.037924,d314:0.031826,d126:0.030356,d148:0.027984,d193:0.024661,d182:0.020623,d059:0.019917,d067:0.019070,d167:0.019042,d060:0.018306,d003:0.018052,d117:0.017871,d170:0.017133,d071:0.016857,d191:0.016232,d215:0.015987,d267:0.015757,d073:0.015033,d046:0.014918,d325:0.014781,d181:0.014762,d271:0.014097,d130:0.013619,d278:0.013189,d305:0.013051,d016:0.012808,d252:0.012560,d042:0.012521,d139:0.011713,d055:0.011287,d304:0.010835,d203:0.010769,d262:0.010678,d184:0.008820,d048:0.006986,d177:0.005217
q45	d105:0.154623,d029:0.064710,d185:0.062700,d085:0.048525,d126:0.044888,d164:0.041162,d170:0.037168,d254:0.034003,d188:0.027640,d204:0.022400,d148:0.022056,d003:0.020266,d302:0.017853,d055:0.016199,d100:0.015959,d090:0.014657,d267:0.011846,d118:0.011671,d305:0.010287,d016:0.010095,d223:0.010021,d252:0.009899,d042:0.009869,d225:0.009682,d285:0.009566,d283:0.009052,d015:0.008799,d304:0.008540,d316:0.007773,d228:0.007563,d109:0.007457,d184:0.006952,d143:0.006618,d091:0.006363,d054:0.006348,d260:0.006339,d067:0.005851,d171:0.005834,d034:0.005669,d062:0.005619,d325:0.005556,d271:0.005299,d074:0.004983,d215:0.004905,d322:0.004791,d076:0.004704,d306:0.004684,d147:0.004504,d162:0.004415,d330:0.004391,d138:0.004380,d152:0.004366,d149:0.004199,d026:0.004163,d262:0.004014,d168:0.003936,d093:0.003869,d179:0.003780,d038:0.003699,d136:0.003501,d039:0.003476,d251:0.003405,d294:0.003191,d158:0.003038
q46	d145:0.171970,d321:0.096881,d013:0.094006,d133:0.084652,d122:0.082368,d121:0.075916,d041:0.066235,d081:0.063416,d030:0.061979,d091:0.061340,d125:0.059152,d093:0.057420,d066:0.054614,d117:0.053223,d156:0.052358,d002:0.050848,d082:0.044443,d247:0.043696,d180:0.043451,d005:0.042689,d022:0.041504,d144:0.041227,d280:0.040979,d136:0.038972,d094:0.037970,d075:0.036932,d142:0.035411,d023:0.033413,d219:0.033219,d062:0.032615,d314:0.032264,d188:0.031628,d130:0.029715,d088:0.028566,d209:0.026944,d277:0.026675,d171:0.025893,d242:0.021179,d104:0.020883,d077:0.019953,d025:0.019928,d105:0.019681,d150:0.018741,d181:0.017930,d009:0.017813,d147:0.017575,d179:0.017284,d097:0.016867,d139:0.016434,d174:0.014477,d288:0.014185,d319:0.013980,d115:0.013857,d153:0.013450,d325:0.012330,d178:0.011949,d275:0.011360,d051:0.011005,d215:0.010885,d246:0.010865,d238:0.010420,d110:0.010206,d308:0.010017,d016:0.009795,d152:0.009690,d192:0.009651,d100:0.009557,d194:0.009212,d090:0.008777,d168:0.008736,d024:0.008256,d157:0.008219,d201:0.007956,d254:0.007771,d089:0.007642,d143:0.006930,d190:0.006537,d052:0.006473,d293:0.006057,d177:0.004484
