q01	d259:0.109471,d085:0.085730,d186:0.075467,d254:0.072847,d016:0.070722,d170:0.066597,d154:0.054406,d153:0.051177,d008:0.047410,d296:0.045859,d209:0.045265,d163:0.044821,d089:0.038021,d215:0.037444,d060:0.033462,d100:0.031775,d185:0.031410,d094:0.031173,d082:0.029600,d006:0.029156,d004:0.028969,d315:0.028844,d243:0.028078,d179:0.025702,d255:0.025359,d099:0.024731,d145:0.024651,d162:0.023616,d039:0.023602,d312:0.021184,d059:0.020694,d065:0.020452,d299:0.019128,d077:0.019082,d329:0.019070,d273:0.018748,d028:0.018119,d311:0.017646,d317:0.017213,d195:0.016733,d212:0.016720,d284:0.016455,d130:0.016372,d265:0.016328,d152:0.015946,d281:0.015651,d032:0.015470,d136:0.015455,d164:0.015423,d184:0.015117,d074:0.014683,d275:0.014492,d123:0.014479,d172:0.014476,d038:0.013867,d316:0.013800,d052:0.013785,d021:0.013556,d024:0.013498,d229:0.013089,d116:0.012811,d234:0.012811
q02	d147:0.127267,d149:0.095678,d283:0.081934,d291:0.070298,d293:0.069328,d136:0.061886,d037:0.056801,d002:0.053695,d014:0.053124,d282:0.045922,d316:0.037002,d052:0.036963,d039:0.036097,d294:0.032294,d318:0.024334,d023:0.022676,d143:0.022262,d103:0.021044,d134:0.020912,d187:0.019538,d107:0.018965,d306:0.018815,d166:0.018290,d051:0.018180,d128:0.018081,d150:0.017131,d145:0.016902,d296:0.016744,d139:0.016481,d117:0.015787,d211:0.015781,d017:0.015286,d222:0.015281,d106:0.015112,d124:0.015091,d142:0.014801,d268:0.014782,d287:0.014356,d164:0.014153,d119:0.014139,d058:0.014028,d252:0.013802,d290:0.013158,d160:0.013034,d090:0.012997,d254:0.012991,d248:0.012989,d250:0.012988,d131:0.012841,d047:0.012452,d173:0.012334,d137:0.012331,d185:0.012259,d020:0.012231,d320:0.012122,d227:0.011880,d121:0.011791,d108:0.011784,d234:0.011744,d197:0.011573,d246:0.011564,d237:0.011041,d046:0.010930,d044:0.010894,d031:0.010391,d238:0.010272,d243:0.010246,d300:0.010149,d018:0.010112,d172:0.009987,d307:0.009986,d202:0.009472,d151:0.009367,d068:0.009285,d083:0.009278,d260:0.009086,d158:0.008792,d098:0.008755,d210:0.008701,d130:0.008568,d144:0.008339,d263:0.008276,d179:0.008155,d022:0.008139,d042:0.008114,d264:0.008038,d305:0.007968,d116:0.007874,d021:0.007841,d154:0.007685,d229:0.007571,d206:0.007513,d239:0.007427,d007:0.007346,d082:0.007242,d251:0.007218,d054:0.007190,d122:0.006778,d140:0.006660,d245:0.006508,d212:0.006483,d062:0.006332,d308:0.006236,d005:0.006210,d242:0.006176,d221:0.006099,d215:0.006078,d228:0.006017,d180:0.005838,d269:0.005827,d064:0.005600,d063:0.005547,d225:0.005541,d319:0.005483,d204:0.005475,d120:0.005413,d153:0.005404,d257:0.005397,d327:0.005371,d262:0.005324,d133:0.005311,d010:0.005296,d029:0.005145,d186:0.005128,d200:0.005090,d323:0.005021,d118:0.004933,d077:0.004909,d298:0.004851,d255:0.004834,d218:0.004788,d271:0.004626,d324:0.004617,d019:0.004537,d129:0.004529,d230:0.004348,d040:0.004255,d224:0.004232,d236:0.004117,d043:0.004100,d055:0.004075,d050:0.003895,d045:0.003832,d070:0.003809,d105:0.003742,d219:0.003738,d232:0.003733,d198:0.003588,d273:0.003574,d001:0.003538,d322:0.003438,d141:0.003374,d309:0.003297,d190:0.003288,d317:0.003281,d233:0.003254,d101:0.003137,d284:0.003137,d297:0.003137,d126:0.003131,d102:0.003123,d226:0.003122,d163:0.003112,d277:0.003086,d313:0.003066,d279:0.003064,d278:0.003063,d285:0.003061,d161:0.003058,d061:0.003013,d314:0.002992,d281:0.002984,d004:0.002967,d216:0.002950,d205:0.002909,d302:0.002898,d079:0.002868,d196:0.002836,d191:0.002766,d266:0.002746,d214:0.002727,d330:0.002723,d286:0.002648,d249:0.002638,d067:0.002619,d152:0.002588,d024:0.002573,d244:0.002554,d188:0.002533,d304:0.002517,d194:0.002497,d080:0.002475,d328:0.002475,d184:0.002454,d085:0.002449,d162:0.002419,d203:0.002374,d003:0.002329
q03	d283:0.076783,d291:0.070678,d147:0.060129,d318:0.058175,d152:0.053757,d105:0.049029
q04	d270:0.132676,d019:0.125638,d310:0.105815,d049:0.103959,d275:0.093851,d010:0.088448,d289:0.071260,d286:0.056427,d330:0.047066,d100:0.046495,d184:0.040956,d013:0.016352,d130:0.015422,d110:0.015280,d060:0.015279,d306:0.015142,d314:0.014852,d205:0.014678,d252:0.014338,d093:0.014024,d213:0.013842,d091:0.013767,d111:0.013399,d046:0.013245,d296:0.012989,d081:0.012630,d196:0.012475,d199:0.012178,d208:0.011791,d142:0.011684,d121:0.011618,d300:0.011482,d312:0.011466,d298:0.011343,d246:0.010975,d082:0.010893,d075:0.010862,d308:0.010693,d307:0.010579,d303:0.010195,d133:0.010081,d018:0.009746,d071:0.009509,d122:0.009468,d005:0.009341,d230:0.009341,d251:0.009318,d048:0.009296,d292:0.009284,d262:0.009201,d301:0.009072,d268:0.009036,d216:0.009027,d114:0.008924,d001:0.008734,d124:0.008544,d327:0.008365,d041:0.008322,d180:0.008295,d117:0.008277,d030:0.008206,d193:0.008186,d043:0.007914,d290:0.007812,d198:0.007709,d113:0.007694,d264:0.007628,d160:0.007617,d050:0.007519,d089:0.007502,d259:0.007337,d061:0.007302,d104:0.007198,d014:0.007164,d020:0.007149,d279:0.007058,d108:0.007020,d271:0.007008,d248:0.006929,d212:0.006848,d227:0.006768,d261:0.006760,d062:0.006689,d163:0.006687,d040:0.006628,d215:0.006530,d253:0.006518,d263:0.006498,d087:0.006475,d088:0.006372,d123:0.006357,d250:0.006334,d119:0.006317,d186:0.006246,d164:0.006181,d194:0.006164,d131:0.006093,d226:0.006028,d024:0.005927,d192:0.005823,d073:0.005588,d269:0.005530,d125:0.005454,d063:0.005451,d319:0.005388,d280:0.005097,d029:0.005056,d055:0.004963,d126:0.004877,d265:0.004848,d136:0.004843,d234:0.004714,d162:0.004669,d294:0.004668,d175:0.004656,d023:0.004553,d241:0.004479,d266:0.004278,d214:0.004248,d189:0.004163,d257:0.004133,d021:0.004025,d009:0.003989,d244:0.003978,d304:0.003920,d145:0.003857,d238:0.003787,d039:0.003765,d221:0.003709,d276:0.003548,d052:0.003485,d157:0.003468,d022:0.003464,d219:0.003236,d200:0.003095,d210:0.003002,d255:0.002940,d274:0.002919,d129:0.002754,d106:0.002668,d197:0.002641,d112:0.002606,d006:0.002585,d042:0.002578,d181:0.002510,d047:0.002425,d209:0.002360,d284:0.002339,d102:0.002329,d202:0.002328,d220:0.002295,d058:0.002291,d242:0.002264,d070:0.002251,d232:0.002206,d143:0.002201,d206:0.002183,d302:0.002161,d237:0.002151,d037:0.002107,d054:0.002089,d225:0.002066,d191:0.002062,d217:0.002057,d144:0.002050,d291:0.002011,d044:0.001997,d059:0.001985,d120:0.001985,d012:0.001981,d207:0.001969,d249:0.001967,d092:0.001933,d031:0.001905,d278:0.001810,d235:0.001791,d032:0.001743,d151:0.001717,d147:0.001711,d079:0.001695,d098:0.001605,d027:0.001562,d229:0.001475,d174:0.001435,d066:0.001392,d095:0.001384,d007:0.001370,d086:0.001366,d295:0.001337,d069:0.001319,d051:0.001289,d028:0.001288,d036:0.001247,d065:0.001238,d008:0.001228,d211:0.001224,d247:0.001200,d331:0.001195,d166:0.001192,d146:0.001140,d287:0.001113,d099:0.001109,d156:0.001106,d004:0.001106,d056:0.001106,d231:0.001072,d260:0.001051,d076:0.001042,d254:0.001026,d115:0.001015,d195:0.001013,d038:0.000986,d169:0.000983,d183:0.000970,d168:0.000966,d015:0.000927,d080:0.000923,d085:0.000913,d258:0.000909,d118:0.000904,d256:0.000897,d203:0.000885,d283:0.000870,d003:0.000868,d324:0.000846,d179:0.000840,d293:0.000840,d316:0.000835,d177:0.000810
q06	d329:0.235313,d297:0.223030,d026:0.158817,d029:0.119612,d233:0.105986,d257:0.104399,d025:0.103985,d069:0.064725,d186:0.045389,d077:0.043451,d303:0.042413,d004:0.041619,d302:0.040657,d012:0.037257,d154:0.032291,d166:0.031712,d023:0.029007,d139:0.028768,d211:0.028048,d215:0.025976,d225:0.023681,d021:0.022088,d265:0.021084,d208:0.020062,d060:0.019872,d231:0.019483,d236:0.017596,d245:0.017547,d220:0.016597,d070:0.016279,d110:0.016009,d192:0.015978,d003:0.015773,d237:0.015552,d134:0.015504,d081:0.015354,d319:0.014784,d170:0.014486,d044:0.014441,d270:0.014355,d104:0.014317,d247:0.013755,d128:0.013669,d212:0.013622,d209:0.013524,d202:0.013341,d163:0.013301,d034:0.012938,d061:0.012878,d205:0.012432,d079:0.012258,d129:0.012211,d018:0.011941,d041:0.011624,d098:0.011606,d193:0.011434,d087:0.011209,d262:0.011185,d046:0.011059,d305:0.010562,d116:0.010437,d234:0.010437,d033:0.010347,d039:0.010330,d251:0.009569,d052:0.009563,d199:0.009234,d294:0.008662
q07	d146:0.116590,d004:0.111551,d034:0.088021,d289:0.069101,d123:0.048256,d262:0.047690,d098:0.044933,d153:0.044805,d155:0.044654,d042:0.044249,d211:0.041697,d149:0.040734,d151:0.040255,d062:0.039556,d266:0.039156,d247:0.038901,d287:0.037931,d044:0.037274,d113:0.036882,d078:0.036820,d117:0.036213,d234:0.034817,d284:0.034603,d165:0.034337,d282:0.033921,d253:0.029516,d033:0.029263,d140:0.028620,d240:0.027027,d057:0.026505,d139:0.026058,d011:0.025722,d083:0.023319,d255:0.023259,d252:0.022285,d074:0.021345,d115:0.020767,d301:0.020268,d087:0.020001,d137:0.019910,d271:0.019880,d293:0.019695,d143:0.019386,d305:0.018846,d071:0.018457,d088:0.018205,d150:0.017907,d031:0.017777,d200:0.017712,d163:0.017166,d157:0.016978,d158:0.016619,d060:0.016181,d129:0.015759,d084:0.015563,d323:0.013614,d263:0.012613,d179:0.012428
q08	d110:0.150958,d251:0.138561,d117:0.132328,d108:0.116460,d005:0.102987,d180:0.089141,d292:0.089007,d106:0.079434,d028:0.075931,d107:0.073428,d246:0.070638,d271:0.068822,d205:0.063085,d235:0.058074,d115:0.055770,d144:0.052179,d269:0.049152,d304:0.047780,d121:0.045021,d211:0.042944,d030:0.042308,d089:0.039699,d208:0.038954,d125:0.037674,d075:0.036956,d070:0.035946,d091:0.030876,d312:0.029926,d294:0.028022,d130:0.027782,d083:0.026613,d104:0.024824,d019:0.021212,d189:0.019980,d198:0.012183,d043:0.011943,d224:0.010896,d138:0.009655,d151:0.009635,d192:0.009626,d142:0.009326,d062:0.009069,d327:0.008946,d059:0.008869,d044:0.008830,d215:0.008185,d282:0.008184,d221:0.008157,d232:0.008056,d226:0.008039,d045:0.008017,d081:0.007615,d290:0.007607,d037:0.007556,d127:0.007480,d063:0.007418,d082:0.007313,d122:0.007280,d270:0.007190,d196:0.007116,d155:0.006988,d266:0.006891,d008:0.006762,d207:0.006625,d202:0.006532,d113:0.006468,d278:0.006291,d126:0.006226,d099:0.006224,d216:0.006173,d210:0.006138,d093:0.006092,d148:0.006051,d223:0.005977,d201:0.005919,d040:0.005896,d213:0.005866,d022:0.005807,d123:0.005775,d197:0.005733,d264:0.005627,d080:0.005502,d250:0.005468,d133:0.005463,d024:0.005454,d236:0.005435,d288:0.005416,d274:0.005318,d046:0.005315,d050:0.005291,d009:0.005192,d095:0.005145,d219:0.005078,d118:0.005074,d240:0.005047,d170:0.004827,d001:0.004671,d013:0.004664,d035:0.004648,d301:0.004610,d135:0.004585,d237:0.004565,d131:0.004495,d209:0.004451,d281:0.004393,d255:0.004343,d096:0.004313,d296:0.004204,d325:0.004130,d320:0.004048,d308:0.004047,d079:0.004035,d200:0.004029,d129:0.004019,d076:0.003979,d073:0.003932,d193:0.003912,d195:0.003821,d286:0.003810,d287:0.003745,d078:0.003636,d015:0.003575,d087:0.003563,d085:0.003445,d305:0.003357,d042:0.003355,d323:0.003353,d039:0.003349,d038:0.003317,d263:0.003290,d241:0.003264,d182:0.003202,d164:0.003141,d203:0.002978,d316:0.002957,d190:0.002874,d225:0.000843,d124:0.000729,d034:0.000711,d206:0.000679,d103:0.000650,d064:0.000650,d051:0.000636,d306:0.000629,d074:0.000609,d248:0.000608,d261:0.000593,d174:0.000585,d026:0.000582,d101:0.000577,d253:0.000572,d149:0.000570,d260:0.000554,d314:0.000550,d006:0.000549,d069:0.000538,d054:0.000538,d319:0.000526,d097:0.000523,d291:0.000518,d111:0.000506,d244:0.000502,d330:0.000501,d307:0.000501,d119:0.000498,d228:0.000497,d147:0.000490,d120:0.000489,d212:0.000485,d284:0.000477,d168:0.000477,d329:0.000476,d102:0.000475,d265:0.000474,d053:0.000472,d077:0.000471,d160:0.000469,d109:0.000461,d217:0.000456,d322:0.000451,d153:0.000447,d017:0.000445,d088:0.000433,d309:0.000432,d317:0.000430,d233:0.000426,d303:0.000426,d047:0.000426,d194:0.000423,d048:0.000419,d098:0.000413,d165:0.000408,d257:0.000404,d220:0.000403,d114:0.000402,d161:0.000401,d262:0.000398,d218:0.000396,d283:0.000395,d055:0.000391,d143:0.000387,d060:0.000384,d136:0.000382,d179:0.000382,d007:0.000381,d086:0.000380,d267:0.000373,d184:0.000373,d116:0.000372,d158:0.000369,d268:0.000368,d318:0.000367,d191:0.000362,d275:0.000362,d280:0.000361,d254:0.000360,d222:0.000354,d071:0.000347,d065:0.000345,d052:0.000340,d140:0.000340,d152:0.000339,d199:0.000329,d227:0.000324,d163:0.000323,d313:0.000318,d279:0.000318,d285:0.000318,d298:0.000318,d175:0.000316,d242:0.000315,d302:0.000301,d020:0.000301,d068:0.000299,d231:0.000299,d311:0.000297,d100:0.000289,d049:0.000288,d230:0.000285,d094:0.000284,d289:0.000274,d067:0.000272,d137:0.000271,d276:0.000269,d021:0.000268,d145:0.000262,d229:0.000259,d328:0.000257,d033:0.000251,d066:0.000245,d003:0.000242,d239:0.000239,d295:0.000235,d273:0.000234,d293:0.000234,d112:0.000229,d321:0.000224,d243:0.000221,d002:0.000221,d181:0.000220,d300:0.000219,d029:0.000213,d247:0.000211,d166:0.000209,d297:0.000206,d171:0.000203,d072:0.000202,d061:0.000197,d032:0.000193,d272:0.000192,d023:0.000192,d252:0.000191,d176:0.000186,d084:0.000185,d172:0.000181,d214:0.000179,d132:0.000176,d012:0.000174,d169:0.000173,d183:0.000170,d234:0.000160,d258:0.000160,d162:0.000158,d105:0.000155,d157:0.000146,d177:0.000142,d139:0.000134
q09	d198:0.165126,d199:0.138624,d177:0.104146,d217:0.102332,d223:0.097358,d220:0.072028,d205:0.062552,d069:0.029346,d299:0.027860,d330:0.024150,d085:0.024047,d065:0.022785,d211:0.022521,d186:0.022206,d068:0.022004,d086:0.021659,d175:0.021387,d273:0.021127,d052:0.020966,d312:0.020327,d169:0.020143,d016:0.019907,d233:0.019235,d219:0.017513,d073:0.017111,d116:0.016761,d172:0.016313,d041:0.016079,d071:0.015677,d089:0.015607,d021:0.015277,d284:0.014696,d202:0.014625,d323:0.014592,d162:0.014298,d256:0.014229,d231:0.013475,d286:0.012406,d038:0.012384,d087:0.012287,d221:0.011375,d259:0.011234,d192:0.011050,d081:0.010619,d179:0.010556,d240:0.010475,d097:0.010160,d170:0.010019,d122:0.009848,d111:0.009836,d008:0.009731,d029:0.009595,d294:0.009495,d166:0.009446,d072:0.009122,d308:0.009061,d061:0.008907,d272:0.008672,d078:0.008565,d268:0.008309,d100:0.008234,d254:0.008130,d214:0.008061,d115:0.008049,d098:0.008027,d193:0.007908,d257:0.007843,d010:0.007696,d055:0.007599,d244:0.007549,d194:0.007380,d328:0.007314,d234:0.007218,d251:0.006618,d158:0.006442
q10	d231:0.074535,d060:0.068828,d100:0.065357,d036:0.027245,d052:0.017731,d034:0.017566,d031:0.015810,d215:0.015254,d072:0.015138,d314:0.014677,d091:0.014570,d233:0.014490,d281:0.014275,d079:0.014069,d068:0.013778,d285:0.013633,d170:0.013177,d221:0.012891,d092:0.012713,d030:0.012652,d069:0.011846,d305:0.011824,d142:0.011737,d099:0.011563,d124:0.011198,d085:0.010906,d295:0.010821,d235:0.010698,d035:0.010629,d040:0.010437,d042:0.010396,d122:0.010058,d294:0.009942,d288:0.009779,d212:0.009621,d220:0.009525,d114:0.009503,d258:0.009472,d076:0.009359,d201:0.009355,d282:0.009283,d279:0.009250,d113:0.009211,d246:0.008797,d064:0.008665,d217:0.008538,d327:0.008311,d044:0.008288,d093:0.008271,d059:0.008239,d330:0.008221,d117:0.008051,d109:0.007861,d024:0.007767,d244:0.007709,d202:0.007656,d048:0.007634,d194:0.007537,d308:0.007518,d118:0.007321,d020:0.007102,d260:0.006912,d263:0.006903,d254:0.006746,d041:0.006671,d165:0.006576,d012:0.006514,d010:0.006385,d026:0.006299,d125:0.006226,d256:0.005903,d179:0.005526,d177:0.005328,d198:0.004715,d151:0.004131,d077:0.004071,d313:0.004030,d058:0.003477,d154:0.003389,d192:0.003354,d329:0.003261,d323:0.003244,d268:0.003182,d001:0.003174,d167:0.003172,d054:0.003171,d159:0.003150,d057:0.003118,d322:0.003084,d283:0.003065,d071:0.003002,d065:0.002978,d137:0.002955,d152:0.002930,d021:0.002925,d029:0.002912,d216:0.002647,d205:0.002610,d271:0.002574,d223:0.002563,d325:0.002553,d018:0.002506,d172:0.002475,d230:0.002461,d214:0.002446,d132:0.002417,d130:0.002384,d289:0.002364,d009:0.002342,d168:0.002325,d022:0.002265,d264:0.002237,d310:0.002232,d015:0.002229,d328:0.002220,d174:0.002178,d045:0.002169,d259:0.002151,d203:0.002130,d280:0.002128,d110:0.002120,d219:0.002116,d066:0.002114,d232:0.002113,d095:0.002102,d301:0.002080,d303:0.002079,d086:0.002074,d299:0.002064,d237:0.002060,d081:0.002033,d248:0.002031,d273:0.002023,d316:0.002009,d240:0.002006,d063:0.001981,d135:0.001966,d319:0.001958,d204:0.001955,d312:0.001946,d097:0.001946,d291:0.001926,d141:0.001910,d014:0.001887,d307:0.001863,d190:0.001861,d211:0.001857,d247:0.001822,d331:0.001814,d209:0.001791,d131:0.001786,d101:0.001776,d126:0.001772,d171:0.001750,d146:0.001731,d173:0.001731,d255:0.001726,d218:0.001710,d061:0.001705,d320:0.001686,d056:0.001679,d017:0.001656,d023:0.001654,d073:0.001638,d129:0.001617,d107:0.001597,d074:0.001584,d250:0.001556,d144:0.001556,d148:0.001552,d115:0.001541,d193:0.001514,d257:0.001502,d027:0.001496,d025:0.001494,d249:0.001493,d262:0.001481,d133:0.001478,d016:0.001475,d046:0.001465,d055:0.001455,d138:0.001452,d185:0.001443,d136:0.001420,d229:0.001412,d080:0.001401,d234:0.001382,d039:0.001368,d175:0.001365,d003:0.001318,d241:0.001313,d324:0.001285,d293:0.001275,d251:0.001267,d199:0.001223
q12	d277:0.176864,d258:0.139650,d250:0.084778,d176:0.082480,d182:0.081449,d239:0.069898,d156:0.067085,d301:0.059733,d211:0.049599,d077:0.046816,d056:0.044473,d132:0.039262,d096:0.037486,d081:0.033977,d138:0.031362,d078:0.031074,d012:0.030613,d015:0.028645,d229:0.024567,d034:0.022690,d191:0.020728,d184:0.018391,d225:0.017891,d280:0.017780,d011:0.017261,d270:0.017189,d295:0.016951,d331:0.016401,d190:0.015546,d151:0.014868,d297:0.014832,d302:0.014831,d060:0.013872,d183:0.013313,d236:0.013294,d076:0.013212,d169:0.012466,d021:0.012220,d143:0.012021,d095:0.011989,d124:0.011977,d082:0.011495,d035:0.011369,d235:0.011360,d155:0.011346,d051:0.011163,d150:0.011104,d243:0.010904,d122:0.010758,d317:0.010595,d247:0.010391,d102:0.010083,d180:0.009425,d129:0.009225,d197:0.008846,d067:0.008457,d010:0.008406,d109:0.007577,d003:0.007518,d303:0.007482,d048:0.007358,d316:0.007232,d052:0.007225,d141:0.006873
q13	d277:0.086799,d049:0.084301,d219:0.084000,d239:0.078865,d056:0.077552,d276:0.055852,d258:0.052633,d222:0.049373,d272:0.045296,d205:0.042179,d055:0.038586,d271:0.038399,d194:0.036203,d309:0.034867,d317:0.034707,d070:0.033030,d042:0.031900,d303:0.031581,d043:0.030857,d241:0.030646,d286:0.030555,d221:0.028880,d099:0.028869,d040:0.028102,d126:0.027865,d285:0.027247,d281:0.025873,d026:0.024928,d047:0.024763,d288:0.024416,d060:0.022883,d297:0.021940,d262:0.021013,d165:0.020914,d292:0.020006,d015:0.019385,d311:0.019063,d289:0.018973,d310:0.017920,d136:0.017547,d269:0.017542,d087:0.017455,d245:0.017439,d100:0.017059,d019:0.016958,d183:0.016947,d161:0.016558,d249:0.015916,d190:0.015566,d290:0.015442,d170:0.015400,d248:0.015244,d305:0.015133,d237:0.015023,d200:0.014894,d106:0.014770,d050:0.014557,d157:0.014503,d142:0.014466,d130:0.013719,d037:0.013324,d129:0.013252,d138:0.013243,d162:0.013095,d274:0.012750,d243:0.012622,d002:0.012596,d174:0.012532,d119:0.012488,d061:0.012440,d189:0.012142,d013:0.012107,d124:0.012083,d018:0.011867,d329:0.011841,d164:0.011612,d075:0.011563,d022:0.011469,d313:0.011461,d159:0.011436,d135:0.011313,d051:0.011262,d028:0.011250,d312:0.011200,d139:0.011103,d059:0.010941,d235:0.010914,d259:0.010894,d150:0.010891,d122:0.010853,d088:0.010751,d079:0.010720,d046:0.010683,d263:0.010606,d179:0.010451,d191:0.010337,d246:0.010281,d240:0.010159,d171:0.010071,d253:0.009678,d270:0.009628,d244:0.009546,d304:0.009406,d212:0.009136,d141:0.009041,d123:0.008990,d148:0.008934,d094:0.008902,d072:0.008846,d113:0.008747,d257:0.008642,d096:0.008519,d156:0.008505,d182:0.008313,d147:0.008299,d323:0.008040,d074:0.008023,d033:0.007886,d250:0.007882,d098:0.007784,d280:0.007727,d193:0.007669,d012:0.007613,d016:0.007468,d324:0.007393,d118:0.006952,d256:0.006899,d007:0.006400,d318:0.006309,d103:0.005454,d058:0.005352,d173:0.005328,d215:0.005295,d228:0.005243,d017:0.005099,d180:0.005086,d107:0.004915,d064:0.004879,d063:0.004833,d225:0.004828,d319:0.004777,d204:0.004770,d153:0.004708,d327:0.004679,d117:0.004533,d211:0.004531,d029:0.004483,d186:0.004468,d143:0.004430,d128:0.004417,d077:0.004277,d298:0.004226,d255:0.004212,d218:0.004171,d287:0.004122,d172:0.003811,d158:0.003797,d230:0.003788,d224:0.003687,d236:0.003587,d185:0.003520,d145:0.003486,d227:0.003411,d234:0.003372,d045:0.003338,d105:0.003260,d232:0.003253,d306:0.003234,d198:0.003126,d273:0.003114,d316:0.003093,d052:0.003090,d001:0.003082,d322:0.002996,d291:0.002965,d238:0.002950,d300:0.002914,d014:0.002905,d307:0.002867,d233:0.002835,d166:0.002784,d101:0.002733,d284:0.002733,d102:0.002721,d226:0.002720,d202:0.002720,d163:0.002712,d149:0.002701,d160:0.002688,d279:0.002670,d278:0.002668,d083:0.002664,d314:0.002607,d004:0.002585,d216:0.002571,d023:0.002547,d302:0.002525,d020:0.002523,d210:0.002498,d196:0.002471,d121:0.002432,d144:0.002395,d266:0.002393,d197:0.002387,d214:0.002376,d330:0.002373,d067:0.002282,d152:0.002255,d021:0.002252,d024:0.002242,d188:0.002207,d229:0.002174,d080:0.002156,d328:0.002156,d184:0.002138,d085:0.002134,d203:0.002068,d003:0.002029,d134:0.001994,d293:0.001963,d294:0.001766
q14	d145:0.115212,d122:0.098210,d002:0.096845,d117:0.094341,d091:0.094026,d142:0.090764,d081:0.090295,d180:0.089758,d247:0.086588,d121:0.077481,d030:0.073428,d093:0.071767,d041:0.066490,d133:0.064318,d082:0.063654,d242:0.062397,d022:0.060197,d125:0.057270,d277:0.057214,d136:0.056598,d144:0.056479,d005:0.054587,d209:0.054459,d280:0.053522,d075:0.053408,d094:0.048864,d062:0.046834,d314:0.045014,d130:0.039980,d104:0.037790,d031:0.034998,d052:0.029089,d025:0.028670,d115:0.027924,d192:0.027736,d308:0.027608,d229:0.027093,d089:0.026377,d181:0.025851,d069:0.025535,d097:0.025502,d174:0.024754,d299:0.024243,d238:0.021782,d330:0.021014,d085:0.020924,d254:0.020405,d065:0.019826,d211:0.019597,d288:0.019325,d186:0.019323,d068:0.019147,d086:0.018847,d175:0.018610,d273:0.018384,d110:0.018155,d312:0.017688,d169:0.017527,d016:0.017323,d233:0.016738,d143:0.016356,d131:0.015298,d219:0.015239,d073:0.014889,d116:0.014585,d293:0.014496,d172:0.014195,d023:0.014168,d147:0.014032,d071:0.013641,d021:0.013293,d284:0.012788,d202:0.012726,d323:0.012697,d162:0.012441,d256:0.012382,d231:0.011725,d223:0.011645,d286:0.010795,d038:0.010776,d087:0.010692,d221:0.009898,d259:0.009775,d198:0.009229,d179:0.009186,d240:0.009115,d170:0.008718,d111:0.008559,d008:0.008467,d029:0.008349,d294:0.008262,d166:0.008220,d072:0.007938,d061:0.007750,d272:0.007546,d205:0.007482,d078:0.007453,d268:0.007230,d100:0.007165,d214:0.007014,d098:0.006985,d193:0.006881,d257:0.006824,d010:0.006696,d055:0.006612,d244:0.006569,d194:0.006422,d328:0.006365,d234:0.006281,d251:0.005759,d158:0.005605
q16	d184:0.121286,d132:0.118283,d250:0.099487,d176:0.093081,d277:0.092861,d239:0.065563,d081:0.064511,d229:0.058961,d095:0.054405,d279:0.044898,d034:0.043081,d150:0.042790,d096:0.042295,d156:0.042222,d056:0.042213,d078:0.041235,d191:0.039355,d236:0.038063,d024:0.037703,d306:0.034318,d086:0.033871,d280:0.033758,d329:0.033607,d301:0.032992,d295:0.032183,d158:0.031932,d097:0.031778,d071:0.030935,d190:0.029516,d077:0.028634,d083:0.028269,d297:0.028161,d147:0.026765,d231:0.026590,d060:0.026339,d254:0.025427,d076:0.025085,d165:0.024786,d133:0.024138,d152:0.023928,d169:0.023669,d021:0.023202,d138:0.023032,d182:0.022914,d143:0.022823,d235:0.021568,d293:0.020828,d049:0.020349
q17	d121:0.177857,d271:0.174185,d091:0.098021,d146:0.055255,d024:0.049739,d172:0.049569,d171:0.040914,d288:0.036664,d183:0.034426,d274:0.028525,d122:0.024281,d289:0.023801,d316:0.023066,d190:0.022144,d066:0.021283,d239:0.020809,d299:0.020781,d106:0.020389,d030:0.018549,d163:0.017738,d003:0.016969,d250:0.015672,d130:0.015146,d233:0.014960,d262:0.014916,d212:0.014655,d297:0.014421,d252:0.013436,d084:0.012973,d074:0.012869,d191:0.012716,d148:0.012611,d132:0.012386,d137:0.012004,d188:0.011648,d258:0.011204
q18	d192:0.351197,d194:0.241867,d210:0.200178,d230:0.140034,d201:0.131026,d222:0.122966,d207:0.117582,d111:0.103433,d209:0.100811,d203:0.099377,d223:0.095962,d216:0.089021,d219:0.088641,d197:0.074915,d322:0.073325,d055:0.067617,d208:0.067182,d198:0.065914,d211:0.062710,d276:0.054953,d220:0.052398,d301:0.051679,d195:0.050817,d213:0.050584,d061:0.049702,d200:0.049022,d221:0.047554,d215:0.045660,d191:0.045617,d193:0.044484,d212:0.044243,d199:0.041133,d202:0.040795,d163:0.040273,d206:0.038685,d236:0.036992,d142:0.036700,d224:0.036549,d304:0.035393,d218:0.035068,d303:0.034855,d266:0.034774,d122:0.029936,d227:0.029292,d214:0.029104,d251:0.028303,d225:0.027018,d053:0.026926,d109:0.024422,d296:0.023822,d319:0.023291,d204:0.023259,d205:0.023133,d279:0.022924,d129:0.022721,d124:0.021500,d028:0.021251,d196:0.020256,d078:0.019753,d217:0.016974,d260:0.016709,d182:0.014792,d058:0.014498,d174:0.014391,d110:0.013698,d248:0.013425,d246:0.013416,d315:0.012686,d253:0.012346,d071:0.012237,d160:0.011542,d240:0.010903,d302:0.010841,d177:0.010592,d020:0.010589,d268:0.010515,d002:0.010367,d275:0.010334,d172:0.010322,d330:0.010187,d098:0.010158,d123:0.010093,d027:0.009886,d137:0.009766,d089:0.009654,d249:0.009646,d072:0.009494,d282:0.009460,d164:0.009364,d242:0.009340,d235:0.008986,d280:0.008675,d271:0.008506,d241:0.008484,d052:0.008370,d048:0.008334,d286:0.008147,d116:0.007513,d316:0.006891
q19	d179:0.189689,d323:0.049650,d004:0.046337,d102:0.040773,d021:0.040361,d200:0.034236,d273:0.029230,d194:0.026620,d310:0.024968,d001:0.024933,d069:0.024923,d051:0.023257,d204:0.023236,d321:0.022973,d153:0.022934,d028:0.021864,d320:0.020998,d330:0.020844,d277:0.020758,d136:0.020517,d056:0.018778,d078:0.018343,d222:0.018182,d088:0.017997,d015:0.017513,d185:0.017148,d258:0.016391,d035:0.015215,d293:0.015155,d158:0.014659,d055:0.014018,d138:0.013987,d266:0.011867,d230:0.011853,d098:0.011734,d189:0.011548,d289:0.011385,d009:0.011283,d274:0.010672,d095:0.010123,d241:0.010025,d299:0.009941,d106:0.009753,d291:0.009278,d300:0.009119,d111:0.009072,d309:0.008987,d091:0.008920,d212:0.008690,d272:0.007999,d180:0.007958,d147:0.007893,d231:0.007841,d129:0.007790,d191:0.007540,d254:0.007499,d197:0.007469,d193:0.007294,d257:0.007234,d092:0.007066,d175:0.006575,d109:0.006398,d190:0.005655,d294:0.005526
q22	d258:0.101225,d277:0.081240,d011:0.074583,d145:0.062794,d239:0.061019,d266:0.057551,d319:0.057183,d056:0.056708,d049:0.055969,d297:0.047818,d159:0.044892,d223:0.043306,d149:0.040674,d331:0.039820,d327:0.036782,d197:0.034506,d176:0.033962,d010:0.032973,d184:0.031688,d057:0.030962,d014:0.029700,d287:0.028552,d138:0.027966,d135:0.026475,d286:0.026469,d100:0.025481,d169:0.025215,d004:0.024562,d020:0.022072,d240:0.021720,d330:0.021061,d164:0.020727,d158:0.019413,d072:0.018914,d121:0.017108,d157:0.016970,d225:0.016789,d096:0.016225,d270:0.016130,d064:0.015981,d250:0.015011,d132:0.014705,d127:0.014544,d007:0.014203,d086:0.014167,d299:0.014099,d151:0.013952,d302:0.013918,d146:0.013834,d069:0.013674,d152:0.013407,d153:0.013183,d147:0.013096,d035:0.012980,d190:0.012712,d140:0.012659,d233:0.012582,d183:0.012493,d236:0.012475,d229:0.011982,d092:0.011723,d102:0.011512,d095:0.011250,d124:0.011239,d182:0.011084,d116:0.011047,d082:0.010787,d155:0.010647,d098:0.010500,d051:0.010476,d243:0.010232,d122:0.010095,d317:0.009942,d055:0.009941,d247:0.009751,d328:0.009568,d305:0.009556,d280:0.009173,d180:0.008844,d078:0.008780,d129:0.008657,d109:0.008651,d303:0.008543,d048:0.008401,d067:0.007936,d003:0.007055,d316:0.006787,d052:0.006780,d141:0.006449,d320:0.004542,d252:0.003837,d321:0.003554,d137:0.003429,d200:0.003342,d188:0.003327,d101:0.003265,d298:0.003185,d242:0.003160,d325:0.002962,d107:0.002936,d260:0.002933,d213:0.002918,d074:0.002913,d172:0.002872,d042:0.002783,d025:0.002748,d249:0.002745,d133:0.002717,d022:0.002627,d136:0.002611,d221:0.002527,d228:0.002493,d150:0.002444,d306:0.002437,d206:0.002425,d241:0.002414,d329:0.002387,d134:0.002382,d267:0.002360,d081:0.002359,d248:0.002357,d246:0.002355,d179:0.002345,d054:0.002321,d217:0.002286,d177:0.002261,d322:0.002258,d291:0.002234,d238:0.002223,d181:0.002210,d178:0.002205,d071:0.002197,d300:0.002196,d207:0.002187,d065:0.002180,d212:0.002093,d209:0.002078,d062:0.002044,d163:0.002043,d077:0.002034,d171:0.002030,d160:0.002026,d113:0.002004,d218:0.001983,d281:0.001959,d156:0.001948,d216:0.001937,d032:0.001936,d272:0.001926,d023:0.001919,d073:0.001900,d231:0.001889,d210:0.001883,d019:0.001880,d084:0.001853,d268:0.001846,d076:0.001834,d275:0.001814,d144:0.001805,d093:0.001799,d094:0.001794,d214:0.001791,d115:0.001788,d222:0.001775,d193:0.001757,d257:0.001742,d089:0.001733,d046:0.001699,d024:0.001690,d185:0.001674,d143:0.001669,d125:0.001667,d304:0.001652,d015:0.001632,d227:0.001622,d323:0.001621,d085:0.001608,d234:0.001603,d162:0.001588,d167:0.001585,d105:0.001550,d283:0.001532,d293:0.001479,d251:0.001470,d199:0.001419,d139:0.001346,d294:0.001331
q23	d219:0.353066,d276:0.121004,d223:0.035901,d145:0.033463,d026:0.032427,d323:0.031164,d319:0.029807,d014:0.027883,d057:0.027559,d287:0.025722,d197:0.022913,d176:0.022557,d169:0.020903,d158:0.019171,d067:0.015808,d084:0.015806,d199:0.015272,d179:0.014171,d013:0.013137,d017:0.012880,d315:0.012261,d253:0.011933,d314:0.011873,d104:0.011840,d207:0.011774,d004:0.011772,d296:0.011254,d005:0.010790,d227:0.010430,d021:0.010254,d078:0.010241,d108:0.010237,d188:0.010053,d105:0.009966,d150:0.009914,d195:0.009599,d003:0.009240,d137:0.009228,d168:0.009159,d141:0.008987,d118:0.008571,d109:0.008294,d271:0.008037,d324:0.008022,d157:0.007869,d049:0.007779,d007:0.003187,d318:0.003141,d245:0.002823,d103:0.002715,d058:0.002665,d173:0.002653,d221:0.002646,d215:0.002636,d228:0.002610,d180:0.002532,d290:0.002500,d248:0.002468,d107:0.002447,d064:0.002429,d063:0.002406,d225:0.002404,d204:0.002375,d153:0.002344,d327:0.002330,d117:0.002257,d211:0.002256,d029:0.002232,d186:0.002224,d200:0.002208,d143:0.002205,d128:0.002199,d077:0.002129,d298:0.002104,d255:0.002097,d218:0.002077,d119:0.002021,d019:0.001968,d129:0.001964,d018:0.001921,d172:0.001897,d230:0.001886,d222:0.001858,d040:0.001846,d224:0.001836,d236:0.001786,d047:0.001780,d043:0.001778,d055:0.001768,d185:0.001753,d164:0.001721,d050:0.001689,d234:0.001679,d045:0.001662,d070:0.001652,d232:0.001619,d306:0.001610,d237:0.001578,d263:0.001572,d198:0.001556,d106:0.001552,d273:0.001550,d037:0.001546,d316:0.001540,d052:0.001538,d001:0.001535,d142:0.001520,d322:0.001491,d291:0.001476,d238:0.001468,d243:0.001465,d002:0.001462,d300:0.001451,d309:0.001430,d307:0.001428,d190:0.001426,d317:0.001423,d233:0.001411,d166:0.001386,d101:0.001361,d284:0.001361,d297:0.001361,d126:0.001358,d102:0.001355,d226:0.001354,d202:0.001354,d163:0.001350,d149:0.001345,d277:0.001339,d160:0.001338,d313:0.001330,d279:0.001329,d278:0.001329,d285:0.001328,d161:0.001327,d083:0.001326,d061:0.001307,d281:0.001294,d216:0.001280,d023:0.001268,d205:0.001262,d302:0.001257,d020:0.001256,d079:0.001244,d210:0.001244,d196:0.001230,d121:0.001211,d191:0.001200,d144:0.001192,d266:0.001191,d214:0.001183,d330:0.001181,d042:0.001160,d286:0.001149,d249:0.001144,d152:0.001123,d046:0.001122,d024:0.001116,d244:0.001108,d304:0.001092,d136:0.001088,d194:0.001083,d229:0.001082,d080:0.001073,d328:0.001073,d184:0.001064,d085:0.001062,d162:0.001049,d203:0.001030,d134:0.000993,d293:0.000977,d139:0.000890,d294:0.000879
q24	d213:0.103842,d219:0.096496,d198:0.092622,d129:0.083926,d202:0.083746,d276:0.082046,d211:0.078903,d243:0.078050,d220:0.077745,d151:0.075821,d224:0.075030,d210:0.074022,d223:0.073914,d208:0.071215,d192:0.070831,d201:0.070547,d221:0.070202,d282:0.070052,d207:0.069889,d209:0.069133,d199:0.068223,d060:0.062431,d216:0.061896,d222:0.061197,d061:0.057601,d215:0.057577,d195:0.056980,d099:0.056859,d194:0.056530,d225:0.055464,d088:0.054347,d303:0.054156,d074:0.053505,d200:0.052424,d212:0.052033,d098:0.051910,d240:0.051559,d042:0.051120,d274:0.051076,d193:0.050690,d034:0.049847,d218:0.049314,d205:0.047490,d080:0.047305,d112:0.045590,d135:0.045321,d203:0.044976,d197:0.044726,d253:0.044056,d028:0.043625,d031:0.042057,d196:0.041583,d083:0.039900,d255:0.039798,d281:0.038932,d096:0.038782,d123:0.036014,d040:0.035033,d217:0.034845,d289:0.034381,d262:0.034149,d237:0.029958,d044:0.027818,d181:0.027705,d214:0.027298,d265:0.025625,d311:0.023580,d206:0.023326,d142:0.022129,d165:0.022073,d319:0.021846,d204:0.021815,d177:0.021744,d067:0.021564,d002:0.021282,d229:0.020542,d234:0.020105,d039:0.019899,d072:0.019490,d242:0.019174,d263:0.018826,d078:0.018300,d266:0.017344,d286:0.016724,d294:0.016686,d055:0.016236,d116:0.015423,d316:0.014146
q25	d166:0.196814,d020:0.149231,d328:0.134754,d128:0.127575,d265:0.124156,d156:0.118352,d023:0.116599,d167:0.082934,d245:0.070535,d211:0.056373,d247:0.055289,d032:0.050661
q26	d152:0.212428,d143:0.087376,d291:0.083651,d228:0.074014,d318:0.064491,d190:0.060935,d116:0.059277,d066:0.058925,d293:0.057657,d322:0.055135,d316:0.052770,d147:0.052552,d052:0.048794,d171:0.046826,d095:0.045858,d273:0.043957,d136:0.038779,d002:0.037939,d131:0.037001,d206:0.036591,d208:0.036429,d241:0.033254,d183:0.031998,d231:0.031908,d105:0.031450,d109:0.030706,d092:0.030674,d235:0.030045,d174:0.029737,d007:0.028390,d300:0.027409,d149:0.025748,d279:0.025454,d292:0.025252,d094:0.024930,d161:0.023637,d017:0.022616,d098:0.022557,d197:0.021176,d306:0.020763,d138:0.019426,d164:0.019350,d323:0.018692,d283:0.018029,d219:0.017860,d173:0.017101,d312:0.016429,d210:0.016039,d179:0.015903,d212:0.015228,d224:0.014934,d012:0.014855,d287:0.014262,d079:0.013704,d275:0.013199,d290:0.012830,d027:0.012628,d133:0.012475,d168:0.012381,d217:0.012285,d015:0.011873,d178:0.011852,d036:0.011800,d014:0.011766,d117:0.011585,d033:0.011567,d140:0.011553,d175:0.011523,d029:0.011456,d331:0.011310,d003:0.011125,d284:0.011070,d102:0.011020,d062:0.010986,d265:0.010984,d277:0.010890,d005:0.010774,d113:0.010768,d215:0.010724,d199:0.010323,d141:0.010170,d129:0.010083,d107:0.009954,d182:0.009006,d305:0.008721,d263:0.008070
q27	d103:0.083126,d051:0.077384,d166:0.074023,d054:0.065785,d132:0.051464,d227:0.042370,d187:0.041631,d067:0.040301,d058:0.039716,d136:0.038567,d066:0.038218,d159:0.037286,d083:0.036930,d293:0.036494,d211:0.036081,d116:0.034934,d291:0.034829,d107:0.034712,d074:0.034057,d158:0.031360,d152:0.031260,d251:0.029960,d300:0.028541,d174:0.027807,d316:0.026733,d231:0.025959,d161:0.025838,d139:0.024766,d033:0.024181,d056:0.024166,d029:0.023463,d243:0.023427,d292:0.022664,d094:0.022263,d238:0.021816,d143:0.021478,d215:0.021082,d030:0.020973,d079:0.020730,d145:0.020566,d164:0.020394,d005:0.019675,d017:0.019367,d042:0.019329,d027:0.019103,d023:0.018838,d108:0.018667,d210:0.018479,d075:0.018246,d015:0.017961,d304:0.017459,d222:0.017419,d002:0.017320,d130:0.017126,d296:0.016367,d167:0.015555,d150:0.015132,d199:0.014988,d141:0.014767,d064:0.014753,d014:0.013923,d109:0.013756,d085:0.013218,d209:0.013214,d101:0.013100,d274:0.012954,d080:0.012719,d162:0.012431,d119:0.012278,d290:0.012032,d271:0.011688,d170:0.011218,d102:0.010334,d255:0.010093,d281:0.009874,d269:0.009480,d325:0.009418,d276:0.008557,d259:0.007936,d306:0.007751,d299:0.007613,d237:0.007598,d198:0.007492,d322:0.007179,d088:0.006892,d077:0.006467,d282:0.006421,d279:0.006398,d173:0.006384,d156:0.006195,d020:0.006046,d311:0.005980,d129:0.005966,d318:0.005849,d018:0.005834,d197:0.005720,d330:0.005686,d195:0.005671,d012:0.005545,d016:0.005440,d055:0.005368,d026:0.005363,d194:0.005213,d184:0.005123,d283:0.004870,d179:0.004705
q28	d136:0.096088,d316:0.073556,d174:0.070345,d291:0.069933,d066:0.056268,d056:0.054958,d159:0.044696,d094:0.043815,d279:0.043767,d161:0.043614,d147:0.043403,d015:0.041640,d164:0.040136,d079:0.038140,d145:0.038040,d322:0.037006,d152:0.036915,d080:0.036689,d035:0.036374,d029:0.035822,d264:0.034684,d027:0.034267,d143:0.033803,d075:0.033749,d102:0.032573,d002:0.032037,d237:0.031940,d292:0.030928,d296:0.030273,d295:0.029442,d321:0.029185,d083:0.029070,d212:0.028193,d042:0.028002,d327:0.027831,d067:0.027426,d173:0.027334,d309:0.027076,d162:0.026689,d070:0.026347,d289:0.025180,d271:0.025095,d193:0.023484,d132:0.023020,d033:0.023016,d037:0.022978,d165:0.022022,d263:0.021697,d226:0.021597,d085:0.021496,d139:0.021473,d273:0.021472,d186:0.020855,d191:0.020843,d086:0.020083,d160:0.019889,d198:0.019668,d107:0.019511,d275:0.019262,d252:0.018836,d168:0.018785,d183:0.018139,d194:0.018101,d259:0.018072,d328:0.017939,d254:0.017729,d267:0.017094,d246:0.017055,d153:0.017002,d141:0.016894,d241:0.016818,d129:0.016341,d099:0.016305,d260:0.016118,d329:0.016078,d243:0.016058,d211:0.015603,d098:0.015531,d233:0.015472,d057:0.015372,d312:0.015208,d084:0.015008,d310:0.014952,d270:0.014855,d072:0.014675,d008:0.014560,d031:0.014255,d294:0.014207,d047:0.014194,d276:0.014174,d109:0.014150,d055:0.014092,d306:0.014072,d299:0.013822,d248:0.013605,d240:0.013435,d058:0.013405,d054:0.013399,d283:0.013289,d046:0.012904,d013:0.012855,d231:0.012721,d269:0.012670,d012:0.012628,d106:0.012373,d064:0.012219,d185:0.012122,d115:0.012044,d297:0.011890,d077:0.011741,d170:0.011723,d298:0.011602,d303:0.011556,d048:0.011365,d026:0.011359,d060:0.011121,d331:0.011084,d180:0.011065,d190:0.011033,d131:0.010916,d278:0.010592,d144:0.010418,d216:0.010204,d120:0.010088,d019:0.009900,d125:0.009622,d123:0.009546,d304:0.009540,d195:0.009393,d089:0.009131,d169:0.009117,d305:0.008547,d230:0.008384,d049:0.008344,d293:0.007792,d052:0.007739,d018:0.007563,d110:0.007224,d111:0.006417,d088:0.006365,d022:0.006115,d114:0.005921,d221:0.005881,d045:0.005856,d010:0.005829,d219:0.005713,d206:0.005645,d239:0.005580,d063:0.005349,d071:0.005114,d307:0.005030,d103:0.004783,d235:0.004633,d314:0.004572,d150:0.004528,d318:0.004281,d250:0.004202,d148:0.004192,d330:0.004162,d189:0.004084,d009:0.003990,d133:0.003990,d016:0.003982,d236:0.003970,d188:0.003872,d184:0.003750,d220:0.003745,d116:0.003732,d175:0.003686,d290:0.003506,d324:0.003469,d179:0.003444,d001:0.003411,d069:0.003410,d097:0.003314,d011:0.003252,d014:0.003215,d065:0.003201,d091:0.003155,d247:0.003103,d101:0.003025,d202:0.003010,d149:0.002989,d277:0.002975,d313:0.002957,d061:0.002905,d287:0.002878,d281:0.002877,d096:0.002866,d119:0.002835,d023:0.002819,d108:0.002793,d210:0.002765,d325:0.002744,d121:0.002692,d100:0.002686,d053:0.002685,d093:0.002642,d197:0.002642,d222:0.002606,d130:0.002562,d286:0.002553,d249:0.002543,d087:0.002529,d262:0.002523,d137:0.002517,d021:0.002492,d024:0.002481,d244:0.002463,d234:0.002355,d039:0.002331,d256:0.002321,d003:0.002245
q29	d314:0.148265,d037:0.147734,d001:0.128418,d113:0.095401,d261:0.086760,d120:0.065935,d133:0.064693,d046:0.048851,d062:0.048664,d191:0.043233,d294:0.042111,d286:0.041397,d159:0.029461,d173:0.025657,d070:0.024730,d212:0.020694,d226:0.020272,d086:0.018851,d198:0.018461,d107:0.018314,d291:0.017510,d186:0.016647,d160:0.015876,d279:0.015766,d099:0.015304,d252:0.015035,d147:0.014896,d254:0.014152,d047:0.013323,d276:0.013304,d055:0.013228,d136:0.012907,d264:0.012828,d058:0.012583,d174:0.012489,d013:0.012067,d237:0.011813,d329:0.011801,d295:0.011637,d106:0.011614,d064:0.011469,d057:0.011283,d312:0.011162,d153:0.011068,d170:0.011004,d327:0.011000,d270:0.010904,d309:0.010701,d008:0.010687,d292:0.010606,d031:0.010463,d331:0.010404,d131:0.010246,d102:0.010137,d278:0.009942,d056:0.009630,d216:0.009578,d231:0.009337,d269:0.009300,d019:0.009293,d123:0.008960,d115:0.008840,d195:0.008817,d165:0.008704,d193:0.008685,d027:0.008580,d089:0.008570,d169:0.008558,d168:0.008412,d026:0.008338,d194:0.008106,d015:0.008067,d328:0.008033,d305:0.008022,d085:0.007950,d283:0.007572,d241:0.007531,d303:0.007523,d263:0.007424,d048:0.007398,d293:0.007314,d052:0.007264
q32	d025:0.167761,d090:0.159572,d139:0.097975,d067:0.082788,d031:0.082553,d145:0.060328,d254:0.055143,d140:0.054670,d092:0.049307,d282:0.046363,d015:0.041498,d305:0.041268,d324:0.037902,d141:0.035545,d317:0.034571,d284:0.033049,d226:0.032896,d072:0.032515,d083:0.032217,d011:0.032085,d059:0.031954,d279:0.029148,d172:0.029073,d314:0.028462,d006:0.028404,d060:0.027906,d252:0.027797,d268:0.026741,d018:0.026578,d053:0.026490,d227:0.026028,d222:0.025712,d042:0.025439,d235:0.025310,d262:0.024895,d105:0.024872,d184:0.023342,d271:0.021632
q34	d248:0.109167,d221:0.014793,d040:0.014197,d224:0.013938,d037:0.013703,d312:0.013694,d216:0.013248,d075:0.012684,d110:0.012337,d246:0.011813,d113:0.011730,d232:0.010950,d213:0.010777,d047:0.010129,d270:0.009852,d122:0.009773,d207:0.009771,d288:0.009670,d091:0.009597,d108:0.009540,d034:0.009429,d219:0.009066,d278:0.008984,d106:0.008830,d237:0.008826,d260:0.008777,d261:0.008643,d225:0.008629,d043:0.008264,d170:0.008221,d010:0.008108,d198:0.008052,d148:0.008045,d241:0.007740,d024:0.007548,d308:0.007435,d060:0.007241,d281:0.007236,d235:0.007046,d325:0.006902,d121:0.006770,d138:0.006681,d189:0.006596,d027:0.006523,d192:0.006491,d193:0.006489,d087:0.006361,d151:0.006336,d062:0.006275,d227:0.006097,d142:0.006084,d015:0.006027,d085:0.005940,d327:0.005883,d044:0.005867,d039:0.005862,d059:0.005832,d066:0.005815,d086:0.005705,d117:0.005700,d271:0.005613,d112:0.005441,d226:0.005421,d130:0.005357,d282:0.005339,d215:0.005277,d045:0.005272,d243:0.005259,d253:0.005258,d070:0.005241,d181:0.005240,d071:0.005211,d127:0.005176,d065:0.005170,d307:0.005125,d211:0.005110,d292:0.005087,d180:0.005068,d190:0.005031,d290:0.005003,d166:0.004976,d081:0.004943,d196:0.004924,d082:0.004899,d155:0.004835,d063:0.004816,d279:0.004772,d266:0.004769,d005:0.004754,d242:0.004728,d061:0.004692,d006:0.004650,d032:0.004592,d119:0.004578,d252:0.004550,d008:0.004530,d020:0.004509,d126:0.004308,d202:0.004295,d144:0.004280,d214:0.004247,d098:0.004229,d249:0.004108,d099:0.004093,d092:0.004036,d055:0.004003,d026:0.004000,d125:0.003953,d210:0.003946,d223:0.003931,d136:0.003906,d194:0.003888,d201:0.003843,d123:0.003798,d250:0.003784,d093:0.003770,d197:0.003770,d162:0.003766,d256:0.003748,d109:0.003654,d089:0.003633,d283:0.003632,d009:0.003593,d133:0.003593,d236:0.003574,d046:0.003561,d048:0.003549,d052:0.003484,d022:0.003474,d264:0.003430,d080:0.003405,d274:0.003398,d050:0.003381,d118:0.003337,d013:0.003227,d095:0.003223,d301:0.003190,d251:0.003081,d240:0.003077,d001:0.003071,d035:0.003057,d135:0.003015,d028:0.002998,d030:0.002825,d294:0.002789,d200:0.002788,d296:0.002764,d209:0.002747,d131:0.002740,d083:0.002655,d255:0.002648,d287:0.002592,d320:0.002587,d096:0.002580,d205:0.002525,d078:0.002516,d073:0.002513,d079:0.002490,d129:0.002480,d076:0.002426,d195:0.002358,d042:0.002322,d286:0.002299,d038:0.002295,d182:0.002216,d164:0.002173,d305:0.002145,d323:0.002143,d203:0.002061,d263:0.001985,d316:0.001945
q36	d321:0.161416,d257:0.153942,d023:0.131586,d247:0.130998,d265:0.123012,d277:0.122098,d150:0.116769,d328:0.081080,d156:0.068182,d020:0.052895,d107:0.046786,d167:0.044094,d151:0.027506,d223:0.027045,d069:0.025031,d268:0.024223,d214:0.023864,d219:0.022329,d076:0.022196,d110:0.021938,d077:0.021923,d013:0.021769,d320:0.021089,d198:0.021014,d010:0.020987,d060:0.020764,d054:0.020701,d051:0.020249,d071:0.019988,d323:0.019898,d270:0.019671,d211:0.019601,d292:0.019133,d083:0.017908,d205:0.017376,d210:0.017128,d131:0.017035,d231:0.016845,d230:0.016385,d100:0.016328,d222:0.016146,d197:0.016045,d094:0.016006,d276:0.015445,d007:0.015338,d092:0.015178,d288:0.015026,d274:0.014752,d259:0.014324,d256:0.014096,d095:0.013993,d267:0.013548,d081:0.013539,d295:0.013509,d310:0.013053,d102:0.013040,d059:0.012659,d207:0.012555,d111:0.012541,d029:0.012234,d290:0.012031,d226:0.011767,d202:0.011765,d298:0.011534,d203:0.011508,d319:0.011447,d170:0.011217,d309:0.010909,d068:0.010853,d055:0.010735,d031:0.010666,d229:0.010419,d103:0.010358,d041:0.010250,d279:0.010140,d255:0.010093,d281:0.009873,d272:0.009709,d125:0.009566,d079:0.009491,d015:0.009366,d316:0.009354,d191:0.009152,d175:0.009089,d262:0.008661,d294:0.008463,d136:0.008302,d049:0.008295,d199:0.008142,d033:0.008012,d192:0.007806,d306:0.007751,d283:0.007719,d271:0.007525,d248:0.007493,d157:0.007367,d035:0.007352,d322:0.007179,d253:0.007049,d088:0.006891,d186:0.006755,d284:0.006549,d149:0.006472,d313:0.006402,d218:0.006307,d208:0.006184,d119:0.006139,d017:0.006109,d302:0.006051,d019:0.005977,d260:0.005884,d275:0.005768,d250:0.005741,d266:0.005734,d093:0.005721,d115:0.005686,d189:0.005580,d012:0.005545,d286:0.005529,d027:0.005518,d067:0.005469,d046:0.005403,d021:0.005395,d138:0.005356,d244:0.005332,d182:0.005329,d143:0.005307,d085:0.005113,d162:0.005050,d235:0.005016,d109:0.004900,d003:0.004862,d158:0.004550,d141:0.004444
q37	d169:0.161685,d116:0.074833,d062:0.060184,d035:0.039988,d327:0.038481,d117:0.037281,d294:0.036481,d209:0.035936,d231:0.032664,d120:0.030222,d141:0.024173
q38	d263:0.080871,d036:0.063925,d294:0.053605,d118:0.050583,d239:0.049477,d039:0.048862,d051:0.048665,d161:0.046329,d317:0.046186,d260:0.042697,d229:0.041712,d058:0.037048,d067:0.036867,d312:0.036643,d066:0.035694,d138:0.035356,d296:0.033934,d109:0.033031,d255:0.032502,d056:0.031112,d031:0.030808,d325:0.030327,d284:0.029983,d270:0.029893,d151:0.028815,d258:0.028451,d277:0.027878,d311:0.027378,d235:0.027143,d084:0.026970,d305:0.026335,d025:0.025238,d249:0.025213,d169:0.025198,d225:0.025029,d092:0.024772,d096:0.024542,d250:0.024473,d011:0.024148,d236:0.023119,d331:0.022944,d280:0.022675,d082:0.022277,d190:0.022104,d155:0.021990,d095:0.020849,d122:0.020849,d302:0.020749,d035:0.019772,d180:0.019596,d132:0.019285,d183:0.018625,d197:0.017144,d124:0.016756,d078:0.016271,d129:0.016043,d243:0.015254,d247:0.014537,d182:0.014330,d102:0.014105,d176:0.012850,d316:0.012578,d010:0.011760,d003:0.010518,d303:0.010467,d043:0.010454,d048:0.010294,d198:0.010186,d052:0.010107,d141:0.009615,d224:0.009295,d075:0.009052,d110:0.008227,d192:0.008211,d062:0.007938,d246:0.007878,d142:0.007696,d327:0.007442,d044:0.007421,d059:0.007378,d117:0.007210,d226:0.006858,d130:0.006776,d282:0.006754,d221:0.006698,d215:0.006675,d045:0.006669,d070:0.006630,d127:0.006547,d232:0.006498,d108:0.006362,d290:0.006328,d081:0.006253,d196:0.006228,d037:0.006205,d063:0.006092,d266:0.006032,d207:0.005798,d008:0.005730,d091:0.005695,d126:0.005449,d202:0.005433,d278:0.005331,d113:0.005311,d099:0.005177,d216:0.005135,d210:0.004991,d223:0.004972,d213:0.004880,d201:0.004861,d123:0.004804,d148:0.004774,d093:0.004769,d040:0.004673,d089:0.004595,d009:0.004545,d133:0.004545,d046:0.004504,d024:0.004479,d022:0.004394,d288:0.004379,d264:0.004339,d080:0.004307,d274:0.004299,d050:0.004277,d219:0.004105,d013:0.004082,d301:0.004035,d237:0.003996,d251:0.003897,d240:0.003892,d001:0.003885,d135:0.003814,d028:0.003793,d170:0.003722,d030:0.003574,d200:0.003527,d209:0.003475,d131:0.003466,d308:0.003366,d083:0.003358,d287:0.003278,d281:0.003277,d320:0.003272,d205:0.003195,d073:0.003179,d079:0.003150,d076:0.003068,d121:0.003066,d195:0.002983,d193:0.002938,d042:0.002937,d286:0.002908,d038:0.002903,d087:0.002880,d164:0.002749,d015:0.002729,d323:0.002711,d085:0.002689,d203:0.002607,d241:0.002548
q40	d307:0.133753,d042:0.101786,d252:0.090655,d047:0.088205,d262:0.081452,d250:0.080703,d112:0.075092,d242:0.068032,d098:0.061177,d238:0.057749,d122:0.055207,d283:0.052308,d131:0.048841,d228:0.045840,d225:0.045646,d288:0.041682,d173:0.041448,d058:0.040542,d249:0.037130,d142:0.036651,d306:0.035396,d248:0.033212,d064:0.033046,d022:0.032978,d082:0.032944,d012:0.031493,d189:0.031427,d046:0.031243,d111:0.031127,d124:0.030558,d174:0.028539,d291:0.028048,d164:0.027634,d223:0.027256,d117:0.027043,d106:0.026538,d263:0.026462,d296:0.026232,d144:0.025432,d271:0.025102,d279:0.024686,d138:0.024460,d318:0.023086,d113:0.022635,d275:0.022256,d241:0.022135,d152:0.021322,d118:0.019978,d091:0.019696,d031:0.019402,d200:0.019331,d063:0.018024,d119:0.017699,d105:0.017512,d140:0.017024,d093:0.016494,d222:0.016271,d062:0.016188,d257:0.015972,d025:0.015895,d125:0.015281,d092:0.015131,d021:0.015087,d147:0.014910,d258:0.014669,d325:0.014656,d194:0.014578,d175:0.014519,d121:0.014516,d254:0.014303,d197:0.014247,d130:0.013819,d017:0.012980,d234:0.012699,d177:0.012683,d035:0.012378,d051:0.012154,d293:0.011716,d136:0.011128,d161:0.010750,d040:0.009438,d080:0.008699,d220:0.008613,d039:0.008497,d192:0.008292,d109:0.008250,d179:0.007921,d075:0.007874,d135:0.007704,d158:0.007661,d321:0.007575,d153:0.007562,d300:0.007419,d207:0.007389,d317:0.007278,d126:0.006944,d149:0.006875,d077:0.006870,d160:0.006844,d083:0.006782,d215:0.006740,d006:0.006623,d281:0.006617,d056:0.006579,d272:0.006507,d079:0.006361,d269:0.006354,d100:0.006178,d123:0.006122,d266:0.006091,d094:0.006061,d286:0.005873,d089:0.005856,d188:0.005619,d305:0.005481,d203:0.005265
q41	d174:0.097786,d268:0.085967,d150:0.083202,d291:0.065661,d128:0.061709,d121:0.053859,d036:0.026462,d014:0.023699,d050:0.018897,d306:0.018012,d330:0.016674,d195:0.016629,d209:0.015353,d272:0.014236,d017:0.014197,d079:0.013916,d223:0.013861,d266:0.013325,d177:0.013300,d236:0.012604,d092:0.012575,d310:0.012075,d227:0.011986,d228:0.011622,d192:0.011445,d007:0.011244,d159:0.010748,d122:0.010200,d088:0.010104,d309:0.010092,d140:0.010022,d091:0.010016,d200:0.009831,d101:0.009604,d297:0.009602,d102:0.009560,d077:0.009482,d279:0.009380,d161:0.009362,d099:0.009106,d156:0.009083,d004:0.009082,d056:0.009081,d023:0.008949,d078:0.008871,d210:0.008778,d311:0.008768,d260:0.008628,d094:0.008366,d115:0.008336,d189:0.008182,d130:0.008135,d012:0.008130,d257:0.008123,d027:0.008091,d249:0.008075,d087:0.008029,d137:0.007993,d055:0.007870,d184:0.007512,d162:0.007404,d039:0.007400,d175:0.007383,d203:0.007267,d105:0.007227,d263:0.007000,d316:0.006857,d157:0.006815,d158:0.006671,d199:0.006614,d294:0.006204
q42	d298:0.298398,d125:0.054664,d048:0.049972,d174:0.048639,d241:0.037766,d314:0.037103,d208:0.030789,d069:0.027730,d227:0.023687,d216:0.023601,d218:0.023243,d260:0.022770,d224:0.019604,d084:0.018926,d168:0.018844,d203:0.018737,d156:0.017099,d252:0.016840,d155:0.016097,d276:0.015045,d202:0.014461,d264:0.014367,d114:0.014088,d010:0.013455,d198:0.013172,d268:0.012975,d280:0.012938,d146:0.012862,d207:0.012703,d195:0.012582,d041:0.012458,d222:0.012381,d327:0.012320,d300:0.012162,d089:0.012093,d273:0.011653,d126:0.011383,d215:0.011156,d161:0.011119,d083:0.011118,d061:0.011062,d043:0.010871,d119:0.010690,d078:0.010536,d196:0.010410,d076:0.010159,d167:0.010151,d148:0.010069,d191:0.010056,d144:0.009993,d099:0.009699,d286:0.009629,d236:0.009537,d024:0.009356,d210:0.009350,d188:0.009211,d256:0.009178,d116:0.008965,d258:0.008860,d062:0.008821,d007:0.008507,d303:0.008507,d299:0.008445,d122:0.008135,d118:0.007908,d248:0.007871,d175:0.007864,d170:0.007851,d111:0.007708,d211:0.007601,d247:0.007455,d128:0.007408,d163:0.007209,d259:0.007180,d277:0.007148,d006:0.006916,d320:0.006901,d265:0.006826,d001:0.006683,d312:0.006496,d201:0.006468,d123:0.006393,d249:0.006110,d022:0.005990,d055:0.005955,d070:0.005702,d154:0.005656,d033:0.005608,d073:0.005468,d081:0.005378,d100:0.005262,d159:0.005256,d157:0.005157,d177:0.005031,d257:0.005012,d008:0.004928,d049:0.004827,d103:0.004686,d072:0.004620,d285:0.004583,d255:0.004566,d020:0.004335,d251:0.004230,d040:0.004019,d087:0.003926,d092:0.003880,d245:0.003878,d328:0.003705,d221:0.003635,d110:0.003538,d283:0.003492,d267:0.003396,d037:0.003367,d316:0.003353,d261:0.003307,d135:0.003281,d319:0.003267,d051:0.003266,d028:0.003262,d011:0.003186,d270:0.003173,d071:0.003161,d014:0.003149,d065:0.003136,d088:0.003118,d309:0.003114,d091:0.003090,d292:0.003086,d131:0.002981,d279:0.002894,d056:0.002802,d032:0.002785,d060:0.002771,d023:0.002761,d180:0.002757,d108:0.002736,d068:0.002720,d018:0.002639,d053:0.002630,d172:0.002606,d094:0.002581,d214:0.002576,d098:0.002565,d189:0.002524,d137:0.002466,d182:0.002411,d143:0.002401,d304:0.002377,d184:0.002318,d085:0.002313,d235:0.002269,d105:0.002230,d158:0.002058,d294:0.001914
q44	d029:0.171984,d185:0.094654,d164:0.083071,d239:0.082892,d254:0.077248,d105:0.076918,d246:0.058011,d314:0.048392,d126:0.045100,d085:0.044516,d193:0.042014,d148:0.039511,d003:0.033543,d071:0.033154,d182:0.032711,d117:0.032524,d167:0.030939,d170:0.030807,d215:0.030109,d271:0.029148,d267:0.029071,d060:0.029065,d073:0.028677,d191:0.027400,d181:0.027214,d059:0.027165,d252:0.026559,d067:0.025950,d046:0.025637,d278:0.024768,d042:0.024305,d016:0.023680,d203:0.023519,d325:0.023014,d304:0.022873,d305:0.022461,d184:0.022302,d130:0.021491,d262:0.021164,d055:0.020790,d139:0.020317,d048:0.018430,d177:0.017567
q45	d105:0.140033,d126:0.113252,d170:0.090664,d085:0.083863,d185:0.079365,d164:0.070384,d252:0.064933,d029:0.056505,d302:0.048758,d254:0.048331,d188:0.037244,d003:0.037183,d204:0.036666,d148:0.032589,d162:0.031908,d100:0.029568,d055:0.027288,d090:0.026235,d324:0.024092,d042:0.020047,d016:0.019532,d304:0.018866,d305:0.018526,d184:0.018395,d101:0.016178,d267:0.014692,d225:0.014288,d149:0.012668,d285:0.012511,d118:0.012507,d223:0.011675,d260:0.011518,d074:0.011439,d038:0.010803,d152:0.010578,d143:0.010389,d015:0.010156,d228:0.009790,d109:0.009591,d306:0.009572,d283:0.009533,d271:0.009294,d081:0.009264,d316:0.009155,d054:0.009114,d322:0.008865,d091:0.008436,d200:0.008280,d103:0.008071,d062:0.008027,d171:0.007972,d215:0.007836,d034:0.007806,d147:0.007465,d073:0.007463,d079:0.007396,d325:0.007338,d076:0.007204,d093:0.007065,d330:0.007022,d067:0.006754,d262:0.006748,d010:0.006713,d168:0.006682,d026:0.006623,d138:0.006615,d136:0.006468,d039:0.006233,d175:0.006219,d179:0.005810,d251:0.005773,d158:0.005619,d294:0.005226
q46	d133:0.123532,d122:0.099444,d081:0.094895,d091:0.094362,d121:0.090596,d013:0.089065,d321:0.086451,d030:0.085833,d145:0.084072,d093:0.083921,d094:0.079003,d082:0.074480,d002:0.070537,d022:0.070461,d117:0.068678,d180:0.067999,d125:0.066946,d136:0.066198,d144:0.066097,d005:0.063871,d280:0.062674,d075:0.062461,d247:0.062288,d142:0.061771,d041:0.061308,d066:0.059555,d156:0.055045,d062:0.054820,d314:0.052689,d097:0.046963,d130:0.046689,d104:0.044218,d088:0.041888,d188:0.040337,d171:0.039012,d242:0.034525,d009:0.033117,d181:0.030327,d219:0.030009,d105:0.029910,d150:0.029630,d174:0.029065,d277:0.027868,d051:0.027733,d153:0.027231,d178:0.026940,d238:0.025524,d077:0.024818,d115:0.024570,d215:0.024318,d308:0.023033,d325:0.022730,d288:0.022670,d192:0.021313,d110:0.021202,d168:0.020697,d152:0.020606,d143:0.019166,d131:0.018054,d157:0.017815,d293:0.017102,d023:0.016784,d190:0.016620,d147:0.016580,d254:0.015767,d089:0.014943,d052:0.012756,d213:0.000344,d146:0.000283,d151:0.000276,d076:0.000274,d272:0.000271,d223:0.000271,d274:0.000261,d267:0.000260,d312:0.000249,d320:0.000244,d329:0.000242,d198:0.000239,d159:0.000234,d214:0.000234,d315:0.000231,d028:0.000230,d154:0.000226,d231:0.000222,d201:0.000216,d289:0.000215,d004:0.000215,d236:0.000212,d245:0.000212,d069:0.000212,d064:0.000212,d330:0.000211,d205:0.000211,d155:0.000210,d073:0.000210,d217:0.000208,d313:0.000204,d044:0.000202,d018:0.000202,d220:0.000200,d275:0.000200,d058:0.000200,d114:0.000200,d208:0.000197,d228:0.000196,d292:0.000196,d017:0.000195,d233:0.000195,d186:0.000194,d189:0.000193,d068:0.000192,d124:0.000191,d301:0.000190,d239:0.000188,d103:0.000187,d268:0.000187,d167:0.000187,d106:0.000184,d172:0.000184,d240:0.000183,d113:0.000183,d195:0.000181,d098:0.000181,d229:0.000181,d204:0.000178,d099:0.000178,d056:0.000178,d120:0.000177,d322:0.000177,d012:0.000177,d048:0.000176,d249:0.000176,d060:0.000176,d327:0.000175,d175:0.000175,d011:0.000174,d020:0.000173,d270:0.000173,d111:0.000172,d065:0.000171,d129:0.000171,d211:0.000169,d317:0.000169,d107:0.000169,d260:0.000169,d303:0.000168,d047:0.000168,d199:0.000167,d100:0.000167,d015:0.000166,d331:0.000165,d323:0.000165,d264:0.000161,d202:0.000161,d256:0.000160,d050:0.000159,d160:0.000159,d027:0.000158,d169:0.000158,d221:0.000157,d087:0.000157,d046:0.000155,d006:0.000154,d244:0.000153,d182:0.000153,d306:0.000152,d304:0.000151,d086:0.000150,d194:0.000149,d302:0.000149,d316:0.000149,d176:0.000147,d248:0.000147,d246:0.000147,d116:0.000146,d234:0.000146,d037:0.000146,d177:0.000145,d318:0.000144,d074:0.000144,d261:0.000143,d063:0.000143,d112:0.000143,d191:0.000143,d123:0.000142,d135:0.000142,d250:0.000142,d319:0.000141,d283:0.000140,d291:0.000139,d165:0.000138,d134:0.000137,d257:0.000137,d071:0.000137,d309:0.000135,d010:0.000134,d183:0.000134,d140:0.000134,d021:0.000133,d024:0.000133,d138:0.000132,d049:0.000132,d185:0.000131,d158:0.000130,d212:0.000130,d209:0.000129,d101:0.000128,d297:0.000128,d126:0.000128,d226:0.000128,d149:0.000127,d184:0.000127,d278:0.000125,d285:0.000125,d298:0.000125,d118:0.000125,d173:0.000125,d039:0.000125,d235:0.000124,d061:0.000123,d109:0.000121,d216:0.000121,d032:0.000121,d003:0.000120,d241:0.000120,d108:0.000118,d271:0.000117,d324:0.000117,d251:0.000115,d148:0.000112,d132:0.000110,d040:0.000110,d193:0.000109,d286:0.000108,d025:0.000108,d262:0.000107,d055:0.000105,d026:0.000105,d294:0.000105,d090:0.000101,d258:0.000100,d033:0.000099,d162:0.000099,d045:0.000099,d203:0.000097,d095:0.000096,d290:0.000094,d295:0.000092,d273:0.000092,d179:0.000092,d054:0.000091,d057:0.000090,d253:0.000087,d036:0.000086,d014:0.000086,d207:0.000086,d307:0.000085,d029:0.000084,d031:0.000083,d128:0.000082,d166:0.000082,d296:0.000082,d284:0.000081,d102:0.000081,d265:0.000080,d163:0.000080,d072:0.000080,d282:0.000079,d279:0.000079,d161:0.000079,d083:0.000079,d034:0.000078,d287:0.000077,d281:0.000077,d096:0.000077,d119:0.000076,d252:0.000075,d210:0.000074,d269:0.000074,d019:0.000074,d196:0.000073,d084:0.000073,d053:0.000072,d266:0.000071,d197:0.000071,d038:0.000068,d137:0.000067,d092:0.000067,d164:0.000065,d080:0.000064,d328:0.000064,d305:0.000064,d227:0.000064,d263:0.000059,d141:0.000055,d139:0.000053
